Host,First_10_Percent_Share,First_10_Percent_Absolute,Last_10_Percent_Share,Last_10_Percent_Absolute,Difference_Share,Difference_Absolute,Non_200_Count
1stkissmanga.me,0.02,2,1.0,100,0.98,98,429
hbr.org,0.48,48,1.0,100,0.52,52,339
ruliweb.com,0.67,67,0.94,94,0.2699999999999999,27,362
ubnt.com,0.86,86,0.94,94,0.07999999999999996,8,118
vungle.com,0.93,93,1.0,100,0.06999999999999995,7,8
timesofindia.com,0.95,95,1.0,100,0.050000000000000044,5,9
asos.com,0.95,95,1.0,100,0.050000000000000044,5,11
makemytrip.com,0.96,96,1.0,100,0.040000000000000036,4,7
news.com.au,0.91,91,0.95,95,0.039999999999999925,4,98
meraki.com,0.97,97,1.0,100,0.030000000000000027,3,10
salesforce.com,0.96,96,0.99,99,0.030000000000000027,3,13
m.timesofindia.com,0.97,97,1.0,100,0.030000000000000027,3,8
docker.com,0.97,97,1.0,100,0.030000000000000027,3,8
www.amazon.com.br,0.98,98,1.0,100,0.020000000000000018,2,2
espncricinfo.com,0.96,96,0.98,98,0.020000000000000018,2,13
expressen.se,0.98,98,1.0,100,0.020000000000000018,2,2
contextweb.com,0.98,98,1.0,100,0.020000000000000018,2,2
pikabu.ru,0.98,98,1.0,100,0.020000000000000018,2,9
goal.com,0.96,96,0.98,98,0.020000000000000018,2,18
www.hepsiburada.com,0.98,98,1.0,100,0.020000000000000018,2,2
change.org,0.98,98,1.0,100,0.020000000000000018,2,7
force.com,0.97,97,0.99,99,0.020000000000000018,2,12
ebay.com,0.98,98,1.0,100,0.020000000000000018,2,3
olx.pl,0.98,98,1.0,100,0.020000000000000018,2,3
ui.com,0.92,92,0.94,94,0.019999999999999907,2,127
marriott.com,0.99,99,1.0,100,0.010000000000000009,1,1
www.redfin.com,0.99,99,1.0,100,0.010000000000000009,1,3
www.trendyol.com,0.99,99,1.0,100,0.010000000000000009,1,2
cmoa.jp,0.99,99,1.0,100,0.010000000000000009,1,1
walmart.com,0.99,99,1.0,100,0.010000000000000009,1,6
nicovideo.jp,0.99,99,1.0,100,0.010000000000000009,1,1
outbrain.com,0.99,99,1.0,100,0.010000000000000009,1,2
thesun.co.uk,0.99,99,1.0,100,0.010000000000000009,1,1
india.com,0.99,99,1.0,100,0.010000000000000009,1,17
www.bestbuy.com,0.99,99,1.0,100,0.010000000000000009,1,5
chaturbate.com,0.99,99,1.0,100,0.010000000000000009,1,4
independent.co.uk,0.99,99,1.0,100,0.010000000000000009,1,1
hugedomains.com,0.99,99,1.0,100,0.010000000000000009,1,2
fpo.xxx,0.97,97,0.98,98,0.010000000000000009,1,8
kleinanzeigen.de,0.94,94,0.95,95,0.010000000000000009,1,19
kurir.rs,0.99,99,1.0,100,0.010000000000000009,1,1
login.yahoo.com,0.99,99,1.0,100,0.010000000000000009,1,1
hm.com,0.99,99,1.0,100,0.010000000000000009,1,1
loc.gov,0.99,99,1.0,100,0.010000000000000009,1,4
life360.com,0.99,99,1.0,100,0.010000000000000009,1,2
latamairlines.com,0.99,99,1.0,100,0.010000000000000009,1,1
ikea.com,0.99,99,1.0,100,0.010000000000000009,1,2
www.costco.com,0.99,99,1.0,100,0.010000000000000009,1,1
mlb.com,0.99,99,1.0,100,0.010000000000000009,1,1
hollywoodbets.net,0.99,99,1.0,100,0.010000000000000009,1,1
tokopedia.com,0.99,99,1.0,100,0.010000000000000009,1,7
hdtube.porn,0.99,99,1.0,100,0.010000000000000009,1,1
nu.nl,0.99,99,1.0,100,0.010000000000000009,1,9
tabelog.com,0.99,99,1.0,100,0.010000000000000009,1,1
hotpepper.jp,0.99,99,1.0,100,0.010000000000000009,1,2
oreilly.com,0.99,99,1.0,100,0.010000000000000009,1,2
azure.com,0.99,99,1.0,100,0.010000000000000009,1,2
scontent.xx.fbcdn.net,0.0,0,0.0,0,0.0,0,1000
google.es,1.0,100,1.0,100,0.0,0,0
bbc.co.uk,1.0,100,1.0,100,0.0,0,0
studio.youtube.com,1.0,100,1.0,100,0.0,0,0
w3schools.com,1.0,100,1.0,100,0.0,0,0
creativecdn.com,0.0,0,0.0,0,0.0,0,1000
dw.com,1.0,100,1.0,100,0.0,0,0
intuit.com,1.0,100,1.0,100,0.0,0,0
onesignal.com,1.0,100,1.0,100,0.0,0,0
trendyol.com,1.0,100,1.0,100,0.0,0,0
urbanairship.com,1.0,100,1.0,100,0.0,0,0
clients3.google.com,1.0,100,1.0,100,0.0,0,0
intentiq.com,1.0,100,1.0,100,0.0,0,0
gsmarena.com,1.0,100,1.0,100,0.0,0,0
ria.com,1.0,100,1.0,100,0.0,0,0
slideshare.net,1.0,100,1.0,100,0.0,0,4
music-fa.com,1.0,100,1.0,100,0.0,0,0
alibaba.com,1.0,100,1.0,100,0.0,0,0
cloudflareinsights.com,1.0,100,1.0,100,0.0,0,0
google.nl,1.0,100,1.0,100,0.0,0,0
open.spotify.com,1.0,100,1.0,100,0.0,0,2
support.apple.com,1.0,100,1.0,100,0.0,0,0
wikipedia.org,1.0,100,1.0,100,0.0,0,0
tumblr.com,1.0,100,1.0,100,0.0,0,0
ocsp.r2m01.amazontrust.com,1.0,100,1.0,100,0.0,0,0
amazon.co.uk,1.0,100,1.0,100,0.0,0,0
amazon.com,1.0,100,1.0,100,0.0,0,0
www.google.es,1.0,100,1.0,100,0.0,0,0
hdhindisex.com,1.0,100,1.0,100,0.0,0,7
youjizz.sex,1.0,100,1.0,100,0.0,0,0
mgid.com,1.0,100,1.0,100,0.0,0,0
redtube.com,1.0,100,1.0,100,0.0,0,0
hln.be,1.0,100,1.0,100,0.0,0,0
state.gov,1.0,100,1.0,100,0.0,0,0
cdiscount.com,1.0,100,1.0,100,0.0,0,0
europa.eu,1.0,100,1.0,100,0.0,0,0
creativecommons.org,1.0,100,1.0,100,0.0,0,0
twitch.tv,1.0,100,1.0,100,0.0,0,0
theatlantic.com,1.0,100,1.0,100,0.0,0,0
en.gravatar.com,1.0,100,1.0,100,0.0,0,0
rule34.xxx,1.0,100,1.0,100,0.0,0,0
mathtag.com,1.0,100,1.0,100,0.0,0,9
permutive.com,1.0,100,1.0,100,0.0,0,1
search.yahoo.com,1.0,100,1.0,100,0.0,0,1
fabswingers.com,1.0,100,1.0,100,0.0,0,0
sciencedaily.com,1.0,100,1.0,100,0.0,0,0
onet.pl,1.0,100,1.0,100,0.0,0,0
newyorker.com,1.0,100,1.0,100,0.0,0,0
mynet.com,1.0,100,1.0,100,0.0,0,2
360yield.com,1.0,100,1.0,100,0.0,0,0
criteo.com,1.0,100,1.0,100,0.0,0,0
amazon.es,1.0,100,1.0,100,0.0,0,0
forbes.com,1.0,100,1.0,100,0.0,0,0
www.whatsapp.com,1.0,100,1.0,100,0.0,0,0
wordpress.org,1.0,100,1.0,100,0.0,0,0
tw.news.yahoo.com,1.0,100,1.0,100,0.0,0,1
xnxx.press,1.0,100,1.0,100,0.0,0,0
validator.w3.org,1.0,100,1.0,100,0.0,0,0
ted.com,1.0,100,1.0,100,0.0,0,0
httpd.apache.org,1.0,100,1.0,100,0.0,0,0
otto.de,1.0,100,1.0,100,0.0,0,0
varzesh3.com,1.0,100,1.0,100,0.0,0,0
norton.com,1.0,100,1.0,100,0.0,0,0
weebly.com,1.0,100,1.0,100,0.0,0,0
adcolony.com,1.0,100,1.0,100,0.0,0,2
xnxx.health,1.0,100,1.0,100,0.0,0,0
fapello.com,1.0,100,1.0,100,0.0,0,0
www.twitch.tv,1.0,100,1.0,100,0.0,0,0
www.google.co.jp,1.0,100,1.0,100,0.0,0,0
www.goodreads.com,1.0,100,1.0,100,0.0,0,1
translate.google.com,1.0,100,1.0,100,0.0,0,0
zdnet.com,1.0,100,1.0,100,0.0,0,0
mediafire.com,1.0,100,1.0,100,0.0,0,1
nakheelteam.cc,1.0,100,1.0,100,0.0,0,0
t-online.de,1.0,100,1.0,100,0.0,0,0
vk.com,1.0,100,1.0,100,0.0,0,0
trilltrill.jp,1.0,100,1.0,100,0.0,0,0
nasa.gov,1.0,100,1.0,100,0.0,0,0
www.espn.com,1.0,100,1.0,100,0.0,0,1
dbankcloud.com,1.0,100,1.0,100,0.0,0,1
namu.wiki,1.0,100,1.0,100,0.0,0,0
atlassian.com,1.0,100,1.0,100,0.0,0,0
eyeota.net,1.0,100,1.0,100,0.0,0,0
bing.com,1.0,100,1.0,100,0.0,0,0
myspace.com,1.0,100,1.0,100,0.0,0,0
fastly.net,1.0,100,1.0,100,0.0,0,0
advertising.com,1.0,100,1.0,100,0.0,0,2
amazon.co.jp,1.0,100,1.0,100,0.0,0,0
api.whatsapp.com,1.0,100,1.0,100,0.0,0,0
animanch.com,1.0,100,1.0,100,0.0,0,0
office.com,1.0,100,1.0,100,0.0,0,0
myanimelist.net,1.0,100,1.0,100,0.0,0,0
www.amazon.com.mx,1.0,100,1.0,100,0.0,0,0
arca.live,1.0,100,1.0,100,0.0,0,0
mp.weixin.qq.com,1.0,100,1.0,100,0.0,0,1
slack.com,1.0,100,1.0,100,0.0,0,0
homepage.vivo.com,1.0,100,1.0,100,0.0,0,12
smartthings.com,1.0,100,1.0,100,0.0,0,0
instagram.com,1.0,100,1.0,100,0.0,0,0
www.chess.com,1.0,100,1.0,100,0.0,0,6
statista.com,1.0,100,1.0,100,0.0,0,0
namasha.com,1.0,100,1.0,100,0.0,0,0
feedburner.com,1.0,100,1.0,100,0.0,0,0
akismet.com,1.0,100,1.0,100,0.0,0,0
prnewswire.com,1.0,100,1.0,100,0.0,0,1
lenovo.com,0.99,99,0.99,99,0.0,0,2
inven.co.kr,1.0,100,1.0,100,0.0,0,1
usda.gov,1.0,100,1.0,100,0.0,0,0
safebrowsing.google.com,1.0,100,1.0,100,0.0,0,0
nginx.com,1.0,100,1.0,100,0.0,0,0
sharethis.com,1.0,100,1.0,100,0.0,0,0
arcgis.com,1.0,100,1.0,100,0.0,0,0
theguardian.com,1.0,100,1.0,100,0.0,0,0
xvideos.es,1.0,100,1.0,100,0.0,0,0
fontawesome.com,1.0,100,1.0,100,0.0,0,0
tripadvisor.com,1.0,100,1.0,100,0.0,0,0
webmd.com,1.0,100,1.0,100,0.0,0,0
www.google.com.br,1.0,100,1.0,100,0.0,0,0
verisign.com,1.0,100,1.0,100,0.0,0,2
hto.to,1.0,100,1.0,100,0.0,0,1
w3.org,1.0,100,1.0,100,0.0,0,0
escort.club,1.0,100,1.0,100,0.0,0,0
abola.pt,1.0,100,1.0,100,0.0,0,0
arxiv.org,0.98,98,0.98,98,0.0,0,58
dribbble.com,1.0,100,1.0,100,0.0,0,0
semana.com,1.0,100,1.0,100,0.0,0,8
connatix.com,1.0,100,1.0,100,0.0,0,0
www.youporn.com,1.0,100,1.0,100,0.0,0,0
pornozavr.net,1.0,100,1.0,100,0.0,0,0
meethue.com,1.0,100,1.0,100,0.0,0,0
gamewith.jp,1.0,100,1.0,100,0.0,0,0
twitter.com,1.0,100,1.0,100,0.0,0,8
chrome.google.com,1.0,100,1.0,100,0.0,0,0
google.co.jp,1.0,100,1.0,100,0.0,0,0
download.macromedia.com,1.0,100,1.0,100,0.0,0,0
youjizz.com,1.0,100,1.0,100,0.0,0,0
www.amazon.ca,1.0,100,1.0,100,0.0,0,0
ge.xhamster.com,1.0,100,1.0,100,0.0,0,0
amzn.to,1.0,100,1.0,100,0.0,0,0
teamviewer.com,1.0,100,1.0,100,0.0,0,1
tnaflix.com,1.0,100,1.0,100,0.0,0,0
cdc.gov,1.0,100,1.0,100,0.0,0,0
seznam.cz,1.0,100,1.0,100,0.0,0,0
interia.pl,1.0,100,1.0,100,0.0,0,0
xnxx.com,1.0,100,1.0,100,0.0,0,0
investopedia.com,1.0,100,1.0,100,0.0,0,0
ox.ac.uk,1.0,100,1.0,100,0.0,0,0
redfin.com,1.0,100,1.0,100,0.0,0,3
www.discogs.com,1.0,100,1.0,100,0.0,0,3
fuq.com,1.0,100,1.0,100,0.0,0,0
qualtrics.com,1.0,100,1.0,100,0.0,0,0
loopme.me,0.0,0,0.0,0,0.0,0,1000
gc.ca,1.0,100,1.0,100,0.0,0,0
chess.com,1.0,100,1.0,100,0.0,0,5
www.ncbi.nlm.nih.gov,1.0,100,1.0,100,0.0,0,0
academia.edu,1.0,100,1.0,100,0.0,0,1
pki.goog,1.0,100,1.0,100,0.0,0,0
humoruniv.com,1.0,100,1.0,100,0.0,0,0
dailymail.co.uk,1.0,100,1.0,100,0.0,0,0
www.marktplaats.nl,1.0,100,1.0,100,0.0,0,1
surveymonkey.com,1.0,100,1.0,100,0.0,0,0
windowsupdate.com,1.0,100,1.0,100,0.0,0,0
mintnav.com,1.0,100,1.0,100,0.0,0,0
binance.com,1.0,100,1.0,100,0.0,0,0
wattpad.com,1.0,100,1.0,100,0.0,0,1
dotomi.com,1.0,100,1.0,100,0.0,0,0
serviporno.com,1.0,100,1.0,100,0.0,0,0
getpocket.com,1.0,100,1.0,100,0.0,0,0
statcounter.com,1.0,100,1.0,100,0.0,0,0
www.baidu.com,1.0,100,1.0,100,0.0,0,1
sondakika.com,1.0,100,1.0,100,0.0,0,0
reverso.net,1.0,100,1.0,100,0.0,0,0
www.instagram.com,1.0,100,1.0,100,0.0,0,0
rapid7.com,1.0,100,1.0,100,0.0,0,2
3bmeteo.com,1.0,100,1.0,100,0.0,0,0
outlook.office365.com,1.0,100,1.0,100,0.0,0,0
discordapp.com,1.0,100,1.0,100,0.0,0,0
www.ebay.com,1.0,100,1.0,100,0.0,0,0
porn300.com,1.0,100,1.0,100,0.0,0,0
flashtalking.com,1.0,100,1.0,100,0.0,0,1
justindianpornx.com,1.0,100,1.0,100,0.0,0,0
allaboutcookies.org,1.0,100,1.0,100,0.0,0,0
netflix.com,1.0,100,1.0,100,0.0,0,2
synology.com,1.0,100,1.0,100,0.0,0,0
noaa.gov,1.0,100,1.0,100,0.0,0,0
wp.com,1.0,100,1.0,100,0.0,0,0
arin.net,1.0,100,1.0,100,0.0,0,0
discogs.com,1.0,100,1.0,100,0.0,0,0
amazontrust.com,1.0,100,1.0,100,0.0,0,0
redd.it,1.0,100,1.0,100,0.0,0,0
acesso.gov.br,1.0,100,1.0,100,0.0,0,2
www.daum.net,1.0,100,1.0,100,0.0,0,0
appier.net,1.0,100,1.0,100,0.0,0,2
vmware.com,1.0,100,1.0,100,0.0,0,0
manage.microsoft.com,1.0,100,1.0,100,0.0,0,0
lijit.com,1.0,100,1.0,100,0.0,0,0
godaddy.com,1.0,100,1.0,100,0.0,0,1
tapad.com,0.99,99,0.99,99,0.0,0,2
www.wayfair.com,1.0,100,1.0,100,0.0,0,733
vox.com,1.0,100,1.0,100,0.0,0,27
corriere.it,1.0,100,1.0,100,0.0,0,0
protection.outlook.com,1.0,100,1.0,100,0.0,0,0
de.wikipedia.org,1.0,100,1.0,100,0.0,0,0
mercadolibre.com.mx,1.0,100,1.0,100,0.0,0,0
jquery.com,1.0,100,1.0,100,0.0,0,1
gazzetta.it,1.0,100,1.0,100,0.0,0,0
wikimedia.org,1.0,100,1.0,100,0.0,0,0
ijavhd.com,1.0,100,1.0,100,0.0,0,2
mercadolivre.com.br,1.0,100,1.0,100,0.0,0,0
eporner.com,1.0,100,1.0,100,0.0,0,0
miwifi.com,1.0,100,1.0,100,0.0,0,0
theverge.com,1.0,100,1.0,100,0.0,0,0
www.reddit.com,1.0,100,1.0,100,0.0,0,1
www.ebay.co.uk,1.0,100,1.0,100,0.0,0,0
gelbooru.com,1.0,100,1.0,100,0.0,0,0
b-cdn.net,1.0,100,1.0,100,0.0,0,0
pewresearch.org,1.0,100,1.0,100,0.0,0,0
idnes.cz,1.0,100,1.0,100,0.0,0,2
20minutos.es,1.0,100,1.0,100,0.0,0,0
gnu.org,1.0,100,1.0,100,0.0,0,0
usatoday.com,1.0,100,1.0,100,0.0,0,0
docs.google.com,1.0,100,1.0,100,0.0,0,0
fr.wikipedia.org,1.0,100,1.0,100,0.0,0,0
www.mobile.de,1.0,100,1.0,100,0.0,0,0
auone.jp,1.0,100,1.0,100,0.0,0,8
sentry.io,1.0,100,1.0,100,0.0,0,0
manganato.com,1.0,100,1.0,100,0.0,0,0
latimes.com,1.0,100,1.0,100,0.0,0,1
mechacomic.jp,1.0,100,1.0,100,0.0,0,0
coinmarketcap.com,1.0,100,1.0,100,0.0,0,0
flickr.com,1.0,100,1.0,100,0.0,0,0
shopify.com,1.0,100,1.0,100,0.0,0,1
www.adobe.com,1.0,100,1.0,100,0.0,0,0
ipify.org,1.0,100,1.0,100,0.0,0,0
ilmeteo.it,1.0,100,1.0,100,0.0,0,0
33across.com,1.0,100,1.0,100,0.0,0,2
mangakakalot.com,1.0,100,1.0,100,0.0,0,1
dbankcloud.cn,1.0,100,1.0,100,0.0,0,1
netkeiba.com,1.0,100,1.0,100,0.0,0,0
policies.google.com,1.0,100,1.0,100,0.0,0,0
crashlytics.com,1.0,100,1.0,100,0.0,0,2
xhcdn.com,1.0,100,1.0,100,0.0,0,0
hepsiburada.com,1.0,100,1.0,100,0.0,0,0
linktr.ee,1.0,100,1.0,100,0.0,0,0
br.pinterest.com,1.0,100,1.0,100,0.0,0,4
login.live.com,1.0,100,1.0,100,0.0,0,0
wayfair.com,1.0,100,1.0,100,0.0,0,709
google.de,1.0,100,1.0,100,0.0,0,0
yieldmo.com,1.0,100,1.0,100,0.0,0,0
washington.edu,1.0,100,1.0,100,0.0,0,2
s3.amazonaws.com,1.0,100,1.0,100,0.0,0,0
indiansextube.org,1.0,100,1.0,100,0.0,0,0
bbc.com,1.0,100,1.0,100,0.0,0,0
boyfriendtv.com,1.0,100,1.0,100,0.0,0,1
ietf.org,1.0,100,1.0,100,0.0,0,0
sabah.com.tr,1.0,100,1.0,100,0.0,0,0
mediatek.com,1.0,100,1.0,100,0.0,0,1
txxx.com,1.0,100,1.0,100,0.0,0,0
weforum.org,1.0,100,1.0,100,0.0,0,0
riotgames.com,1.0,100,1.0,100,0.0,0,0
bfmtv.com,1.0,100,1.0,100,0.0,0,0
detik.com,1.0,100,1.0,100,0.0,0,0
t.co,1.0,100,1.0,100,0.0,0,0
digicert.com,1.0,100,1.0,100,0.0,0,0
weather.com,1.0,100,1.0,100,0.0,0,0
shopee.com.br,1.0,100,1.0,100,0.0,0,0
upload.fp.measure.office.com,1.0,100,1.0,100,0.0,0,0
uci.edu,1.0,100,1.0,100,0.0,0,1
pinimg.com,1.0,100,1.0,100,0.0,0,4
archiveofourown.org,1.0,100,1.0,100,0.0,0,0
vietnamnet.vn,1.0,100,1.0,100,0.0,0,3
xvideos98.pro,1.0,100,1.0,100,0.0,0,0
spankbang.party,1.0,100,1.0,100,0.0,0,0
www.seznam.cz,1.0,100,1.0,100,0.0,0,0
clients.config.office.net,1.0,100,1.0,100,0.0,0,2
lichess.org,1.0,100,1.0,100,0.0,0,0
www.argos.co.uk,1.0,100,1.0,100,0.0,0,0
fantia.jp,1.0,100,1.0,100,0.0,0,2
amazon.ca,1.0,100,1.0,100,0.0,0,0
fulldesisex.com,1.0,100,1.0,100,0.0,0,0
brainly.in,1.0,100,1.0,100,0.0,0,40
mdpi.com,1.0,100,1.0,100,0.0,0,1
cloudflare.com,1.0,100,1.0,100,0.0,0,0
cxense.com,1.0,100,1.0,100,0.0,0,0
istockphoto.com,1.0,100,1.0,100,0.0,0,0
onlydesiporn.com,1.0,100,1.0,100,0.0,0,1
sinsay.com,1.0,100,1.0,100,0.0,0,0
list.am,1.0,100,1.0,100,0.0,0,0
ok.ru,1.0,100,1.0,100,0.0,0,0
marktplaats.nl,1.0,100,1.0,100,0.0,0,1
aparat.com,1.0,100,1.0,100,0.0,0,0
amp.xhamster.com,1.0,100,1.0,100,0.0,0,0
mundodeportivo.com,1.0,100,1.0,100,0.0,0,0
conviva.com,1.0,100,1.0,100,0.0,0,0
escortbabylon.net,1.0,100,1.0,100,0.0,0,0
google.com.tr,1.0,100,1.0,100,0.0,0,1
hitomi.la,1.0,100,1.0,100,0.0,0,0
bugsnag.com,1.0,100,1.0,100,0.0,0,0
launchpad.net,1.0,100,1.0,100,0.0,0,0
es.m.wikipedia.org,1.0,100,1.0,100,0.0,0,0
jimdo.com,1.0,100,1.0,100,0.0,0,0
dantri.com.vn,1.0,100,1.0,100,0.0,0,0
www.bilibili.com,1.0,100,1.0,100,0.0,0,0
graph.microsoft.com,1.0,100,1.0,100,0.0,0,0
split.io,1.0,100,1.0,100,0.0,0,3
teams.microsoft.com,1.0,100,1.0,100,0.0,0,0
www.gov.uk,1.0,100,1.0,100,0.0,0,0
business.facebook.com,1.0,100,1.0,100,0.0,0,0
marketwatch.com,1.0,100,1.0,100,0.0,0,0
fitbit.com,1.0,100,1.0,100,0.0,0,1
amazon.fr,1.0,100,1.0,100,0.0,0,0
surfshark.com,1.0,100,1.0,100,0.0,0,1
mixpanel.com,1.0,100,1.0,100,0.0,0,0
telegraph.co.uk,1.0,100,1.0,100,0.0,0,0
klaviyo.com,1.0,100,1.0,100,0.0,0,1
themeforest.net,1.0,100,1.0,100,0.0,0,2
remove.bg,1.0,100,1.0,100,0.0,0,0
plus.google.com,1.0,100,1.0,100,0.0,0,0
sagepub.com,1.0,100,1.0,100,0.0,0,0
www.remove.bg,1.0,100,1.0,100,0.0,0,0
autodiscover-s.outlook.com,1.0,100,1.0,100,0.0,0,0
mbga.jp,1.0,100,1.0,100,0.0,0,0
xhamster1.desi,1.0,100,1.0,100,0.0,0,0
www.lemonde.fr,1.0,100,1.0,100,0.0,0,0
www.imdb.com,1.0,100,1.0,100,0.0,0,0
plex.tv,1.0,100,1.0,100,0.0,0,1
mediavine.com,1.0,100,1.0,100,0.0,0,0
1377x.to,1.0,100,1.0,100,0.0,0,0
speedtest.net,1.0,100,1.0,100,0.0,0,0
repubblica.it,1.0,100,1.0,100,0.0,0,0
naver.com,1.0,100,1.0,100,0.0,0,2
liquipedia.net,1.0,100,1.0,100,0.0,0,0
eenadu.net,1.0,100,1.0,100,0.0,0,0
news.google.com,1.0,100,1.0,100,0.0,0,0
tinyurl.com,1.0,100,1.0,100,0.0,0,0
cricbuzz.com,1.0,100,1.0,100,0.0,0,0
snapchat.com,1.0,100,1.0,100,0.0,0,2
google.com.ar,1.0,100,1.0,100,0.0,0,0
springserve.com,1.0,100,1.0,100,0.0,0,0
byjus.com,1.0,100,1.0,100,0.0,0,0
google.com.tw,1.0,100,1.0,100,0.0,0,0
xgx.mobi,1.0,100,1.0,100,0.0,0,0
google.com.mx,1.0,100,1.0,100,0.0,0,0
list-manage.com,1.0,100,1.0,100,0.0,0,0
en.wikipedia.org,1.0,100,1.0,100,0.0,0,0
francetvinfo.fr,1.0,100,1.0,100,0.0,0,0
branch.io,1.0,100,1.0,100,0.0,0,0
applovin.com,1.0,100,1.0,100,0.0,0,0
delve.office.com,1.0,100,1.0,100,0.0,0,1
e-hentai.org,1.0,100,1.0,100,0.0,0,0
slashlib.me,1.0,100,1.0,100,0.0,0,0
android.com,1.0,100,1.0,100,0.0,0,0
dataservice.protection.outlook.com,1.0,100,1.0,100,0.0,0,0
bilibili.com,1.0,100,1.0,100,0.0,0,1
www.bilibili.tv,1.0,100,1.0,100,0.0,0,1
innovid.com,1.0,100,1.0,100,0.0,0,0
haberler.com,1.0,100,1.0,100,0.0,0,0
fmkorea.com,1.0,100,1.0,100,0.0,0,0
viber.com,1.0,100,1.0,100,0.0,0,0
ecosia.org,1.0,100,1.0,100,0.0,0,0
jotform.com,1.0,100,1.0,100,0.0,0,0
taboola.com,1.0,100,1.0,100,0.0,0,0
launchdarkly.com,1.0,100,1.0,100,0.0,0,0
index.hu,1.0,100,1.0,100,0.0,0,5
play.google.com,1.0,100,1.0,100,0.0,0,0
booking.com,1.0,100,1.0,100,0.0,0,0
hindixxxhd.com,1.0,100,1.0,100,0.0,0,0
gamepass.com,1.0,100,1.0,100,0.0,0,0
tukif.com,1.0,100,1.0,100,0.0,0,1
eepurl.com,1.0,100,1.0,100,0.0,0,1
tribalfusion.com,0.99,99,0.99,99,0.0,0,2
pandora.com,1.0,100,1.0,100,0.0,0,4
m.vk.com,1.0,100,1.0,100,0.0,0,0
baidu.com,1.0,100,1.0,100,0.0,0,0
merriam-webster.com,1.0,100,1.0,100,0.0,0,0
amazon.com.mx,1.0,100,1.0,100,0.0,0,1
ninisite.com,1.0,100,1.0,100,0.0,0,2
indiamart.com,1.0,100,1.0,100,0.0,0,0
tabor.ru,1.0,100,1.0,100,0.0,0,0
doubleverify.com,1.0,100,1.0,100,0.0,0,1
kaspersky.com,1.0,100,1.0,100,0.0,0,0
yimg.com,1.0,100,1.0,100,0.0,0,0
youtu.be,1.0,100,1.0,100,0.0,0,0
teads.tv,1.0,100,1.0,100,0.0,0,0
infobae.com,1.0,100,1.0,100,0.0,0,0
www.buzzfeed.com,1.0,100,1.0,100,0.0,0,0
umn.edu,1.0,100,1.0,100,0.0,0,0
analytics.google.com,1.0,100,1.0,100,0.0,0,0
x1.c.lencr.org,1.0,100,1.0,100,0.0,0,0
vimeo.com,1.0,100,1.0,100,0.0,0,1
pravda.com.ua,1.0,100,1.0,100,0.0,0,0
mobile.de,1.0,100,1.0,100,0.0,0,0
rbc.ua,1.0,100,1.0,100,0.0,0,0
bato.to,1.0,100,1.0,100,0.0,0,2
criteo.net,1.0,100,1.0,100,0.0,0,0
tubidy.watch,1.0,100,1.0,100,0.0,0,0
dmm.co.jp,1.0,100,1.0,100,0.0,0,0
mikrotik.com,1.0,100,1.0,100,0.0,0,0
nytimes.com,1.0,100,1.0,100,0.0,0,0
gofundme.com,1.0,100,1.0,100,0.0,0,0
youku.com,0.99,99,0.99,99,0.0,0,12
gravatar.com,1.0,100,1.0,100,0.0,0,0
yadongkorea.org,1.0,100,1.0,100,0.0,0,0
sohu.com,1.0,100,1.0,100,0.0,0,1
example.com,1.0,100,1.0,100,0.0,0,0
goodreads.com,1.0,100,1.0,100,0.0,0,2
roaming.officeapps.live.com,1.0,100,1.0,100,0.0,0,0
tynt.com,1.0,100,1.0,100,0.0,0,0
es.wikipedia.org,1.0,100,1.0,100,0.0,0,0
www.accuweather.com,1.0,100,1.0,100,0.0,0,0
betano.com,1.0,100,1.0,100,0.0,0,0
google.it,1.0,100,1.0,100,0.0,0,1
parsely.com,1.0,100,1.0,100,0.0,0,0
web.whatsapp.com,1.0,100,1.0,100,0.0,0,0
me.com,1.0,100,1.0,100,0.0,0,0
flurry.com,1.0,100,1.0,100,0.0,0,2
dns.google,1.0,100,1.0,100,0.0,0,0
avast.com,1.0,100,1.0,100,0.0,0,0
fandom.com,1.0,100,1.0,100,0.0,0,0
newrelic.com,1.0,100,1.0,100,0.0,0,0
github.com,1.0,100,1.0,100,0.0,0,0
n-tv.de,1.0,100,1.0,100,0.0,0,0
as.com,1.0,100,1.0,100,0.0,0,0
foxnews.com,1.0,100,1.0,100,0.0,0,0
userapi.com,1.0,100,1.0,100,0.0,0,0
daum.net,1.0,100,1.0,100,0.0,0,0
openx.net,1.0,100,1.0,100,0.0,0,0
stackadapt.com,1.0,100,1.0,100,0.0,0,0
sina.com.cn,1.0,100,1.0,100,0.0,0,1
freepik.com,1.0,100,1.0,100,0.0,0,0
rajwap.cc,1.0,100,1.0,100,0.0,0,0
hubspot.com,1.0,100,1.0,100,0.0,0,0
kompoz2.com,1.0,100,1.0,100,0.0,0,0
www.wildberries.ru,1.0,100,1.0,100,0.0,0,0
g1.globo.com,1.0,100,1.0,100,0.0,0,0
www.xvideos.com,1.0,100,1.0,100,0.0,0,0
lc.chat,1.0,100,1.0,100,0.0,0,0
ocsp.r2m02.amazontrust.com,1.0,100,1.0,100,0.0,0,0
www.independent.co.uk,1.0,100,1.0,100,0.0,0,0
behance.net,1.0,100,1.0,100,0.0,0,0
un.org,1.0,100,1.0,100,0.0,0,0
newsweek.com,1.0,100,1.0,100,0.0,0,0
serving-sys.com,1.0,100,1.0,100,0.0,0,0
hulu.com,1.0,100,1.0,100,0.0,0,0
researchgate.net,1.0,100,1.0,100,0.0,0,0
cnet.com,1.0,100,1.0,100,0.0,0,0
www.google.de,1.0,100,1.0,100,0.0,0,0
taobao.com,1.0,100,1.0,100,0.0,0,0
www.google.com.hk,1.0,100,1.0,100,0.0,0,0
berkeley.edu,1.0,100,1.0,100,0.0,0,0
whatsapp.net,1.0,100,1.0,100,0.0,0,0
icloud-content.com,1.0,100,1.0,100,0.0,0,0
ampproject.org,1.0,100,1.0,100,0.0,0,0
firefox.com,1.0,100,1.0,100,0.0,0,0
thisvid.com,1.0,100,1.0,100,0.0,0,0
flipkart.com,1.0,100,1.0,100,0.0,0,0
vnexpress.net,1.0,100,1.0,100,0.0,0,0
atm-fp-direct.office.com,1.0,100,1.0,100,0.0,0,0
ups.com,1.0,100,1.0,100,0.0,0,1
augloop.office.com,1.0,100,1.0,100,0.0,0,0
chartboost.com,1.0,100,1.0,100,0.0,0,1
www.mundodeportivo.com,1.0,100,1.0,100,0.0,0,0
argos.co.uk,1.0,100,1.0,100,0.0,0,0
cdnjs.cloudflare.com,1.0,100,1.0,100,0.0,0,0
harvard.edu,1.0,100,1.0,100,0.0,0,1
cbc.ca,1.0,100,1.0,100,0.0,0,1
ssstik.io,1.0,100,1.0,100,0.0,0,1
elpais.com,1.0,100,1.0,100,0.0,0,0
disqus.com,1.0,100,1.0,100,0.0,0,0
primevideo.com,1.0,100,1.0,100,0.0,0,0
oneclient.sfx.ms,1.0,100,1.0,100,0.0,0,0
wpa.qq.com,1.0,100,1.0,100,0.0,0,5
metruyencv.com,1.0,100,1.0,100,0.0,0,0
redhat.com,1.0,100,1.0,100,0.0,0,0
www.google.com.tw,1.0,100,1.0,100,0.0,0,0
porno18.site,1.0,100,1.0,100,0.0,0,0
pbs.org,1.0,100,1.0,100,0.0,0,2
appsflyer.com,1.0,100,1.0,100,0.0,0,0
forum.gamer.com.tw,1.0,100,1.0,100,0.0,0,0
support.google.com,1.0,100,1.0,100,0.0,0,0
google.com.au,1.0,100,1.0,100,0.0,0,0
whitehouse.gov,1.0,100,1.0,100,0.0,0,0
abc.net.au,1.0,100,1.0,100,0.0,0,0
www.nytimes.com,1.0,100,1.0,100,0.0,0,0
motherless.com,1.0,100,1.0,100,0.0,0,2
bmj.com,1.0,100,1.0,100,0.0,0,0
trendmicro.com,1.0,100,1.0,100,0.0,0,0
gitlab.com,1.0,100,1.0,100,0.0,0,0
bol.com,1.0,100,1.0,100,0.0,0,2
google.ca,1.0,100,1.0,100,0.0,0,0
npr.org,1.0,100,1.0,100,0.0,0,0
opendns.com,1.0,100,1.0,100,0.0,0,0
e621.net,1.0,100,1.0,100,0.0,0,2
gismeteo.ru,1.0,100,1.0,100,0.0,0,205
www.youtube.com,1.0,100,1.0,100,0.0,0,0
sectigo.com,1.0,100,1.0,100,0.0,0,0
9animetv.to,1.0,100,1.0,100,0.0,0,0
www.wattpad.com,1.0,100,1.0,100,0.0,0,0
amazon.it,1.0,100,1.0,100,0.0,0,0
ynet.co.il,1.0,100,1.0,100,0.0,0,0
outlook.office.com,1.0,100,1.0,100,0.0,0,0
ilovepdf.com,1.0,100,1.0,100,0.0,0,0
bartarinha.ir,1.0,100,1.0,100,0.0,0,3
subito.it,1.0,100,1.0,100,0.0,0,0
xhamster20.desi,1.0,100,1.0,100,0.0,0,0
picrew.me,1.0,100,1.0,100,0.0,0,1
www.uol.com.br,1.0,100,1.0,100,0.0,0,0
google.cl,1.0,100,1.0,100,0.0,0,0
tondae.net,1.0,100,1.0,100,0.0,0,0
creditkarma.com,1.0,100,1.0,100,0.0,0,0
people.com,1.0,100,1.0,100,0.0,0,0
braze.com,1.0,100,1.0,100,0.0,0,0
apps.apple.com,1.0,100,1.0,100,0.0,0,1
bakusai.com,1.0,100,1.0,100,0.0,0,0
pornkai.com,1.0,100,1.0,100,0.0,0,0
webex.com,1.0,100,1.0,100,0.0,0,0
sb.scorecardresearch.com,1.0,100,1.0,100,0.0,0,0
discord.com,1.0,100,1.0,100,0.0,0,0
roblox.com,1.0,100,1.0,100,0.0,0,0
ebay.de,1.0,100,1.0,100,0.0,0,0
fda.gov,1.0,100,1.0,100,0.0,0,0
aol.com,1.0,100,1.0,100,0.0,0,2
myntra.com,1.0,100,1.0,100,0.0,0,0
unsplash.com,1.0,100,1.0,100,0.0,0,0
aniview.com,1.0,100,1.0,100,0.0,0,0
jw.org,1.0,100,1.0,100,0.0,0,0
www.onet.pl,1.0,100,1.0,100,0.0,0,0
udn.com,1.0,100,1.0,100,0.0,0,0
inmobi.com,1.0,100,1.0,100,0.0,0,4
24h.com.vn,1.0,100,1.0,100,0.0,0,2
line.me,1.0,100,1.0,100,0.0,0,0
ameblo.jp,1.0,100,1.0,100,0.0,0,1
ja.wikipedia.org,1.0,100,1.0,100,0.0,0,0
intel.com,1.0,100,1.0,100,0.0,0,0
ntp.org,1.0,100,1.0,100,0.0,0,0
mailchimp.com,1.0,100,1.0,100,0.0,0,0
xboxlive.com,1.0,100,1.0,100,0.0,0,0
xhamster2.com,1.0,100,1.0,100,0.0,0,0
imdb.com,1.0,100,1.0,100,0.0,0,0
mozilla.com,1.0,100,1.0,100,0.0,0,0
about.com,1.0,100,1.0,100,0.0,0,0
wsj.com,1.0,100,1.0,100,0.0,0,0
livehindustan.com,1.0,100,1.0,100,0.0,0,0
homepage.mintnav.com,1.0,100,1.0,100,0.0,0,0
google.com.hk,1.0,100,1.0,100,0.0,0,0
fetlife.com,1.0,100,1.0,100,0.0,0,7
dto.jp,1.0,100,1.0,100,0.0,0,0
deviantart.com,1.0,100,1.0,100,0.0,0,0
actu.fr,1.0,100,1.0,100,0.0,0,0
bestsexporno.com,1.0,100,1.0,100,0.0,0,0
www.xnxx.com,1.0,100,1.0,100,0.0,0,0
mcafee.com,1.0,100,1.0,100,0.0,0,0
netshoes.com.br,1.0,100,1.0,100,0.0,0,0
sonobi.com,1.0,100,1.0,100,0.0,0,0
apache.org,1.0,100,1.0,100,0.0,0,0
patreon.com,1.0,100,1.0,100,0.0,0,12
who.int,1.0,100,1.0,100,0.0,0,0
ubuntu.com,1.0,100,1.0,100,0.0,0,0
ring.com,1.0,100,1.0,100,0.0,0,0
fatalmodel.com,1.0,100,1.0,100,0.0,0,0
jut.su,1.0,100,1.0,100,0.0,0,0
bloomberg.com,1.0,100,1.0,100,0.0,0,0
nps.gov,1.0,100,1.0,100,0.0,0,0
furaffinity.net,1.0,100,1.0,100,0.0,0,1
dropbox.com,1.0,100,1.0,100,0.0,0,1
link.coupang.com,1.0,100,1.0,100,0.0,0,2
www.flashscore.com,1.0,100,1.0,100,0.0,0,0
www.google.fr,1.0,100,1.0,100,0.0,0,0
gamer.com.tw,1.0,100,1.0,100,0.0,0,0
onetrust.com,1.0,100,1.0,100,0.0,0,0
opera.com,1.0,100,1.0,100,0.0,0,0
free.fr,1.0,100,1.0,100,0.0,0,3
adjust.com,1.0,100,1.0,100,0.0,0,0
typeform.com,1.0,100,1.0,100,0.0,0,0
fast.com,1.0,100,1.0,100,0.0,0,0
animeflv.net,1.0,100,1.0,100,0.0,0,0
time.com,1.0,100,1.0,100,0.0,0,1
plos.org,1.0,100,1.0,100,0.0,0,1
apple.news,1.0,100,1.0,100,0.0,0,0
lightinthebox.com,1.0,100,1.0,100,0.0,0,0
amazon.eg,1.0,100,1.0,100,0.0,0,0
roku.com,1.0,100,1.0,100,0.0,0,1
www.eporner.com,1.0,100,1.0,100,0.0,0,0
express.co.uk,1.0,100,1.0,100,0.0,0,1
bit.ly,1.0,100,1.0,100,0.0,0,0
doi.org,1.0,100,1.0,100,0.0,0,0
sinoptik.ua,1.0,100,1.0,100,0.0,0,0
prokerala.com,1.0,100,1.0,100,0.0,0,5
fullstory.com,1.0,100,1.0,100,0.0,0,0
cambridge.org,1.0,100,1.0,100,0.0,0,4
wordpress.com,1.0,100,1.0,100,0.0,0,0
www.dropbox.com,1.0,100,1.0,100,0.0,0,0
accuweather.com,1.0,100,1.0,100,0.0,0,0
ea.com,1.0,100,1.0,100,0.0,0,0
stats.g.doubleclick.net,1.0,100,1.0,100,0.0,0,0
appcenter.ms,1.0,100,1.0,100,0.0,0,0
usnews.com,1.0,100,1.0,100,0.0,0,0
nbcnews.com,1.0,100,1.0,100,0.0,0,2
itunes.apple.com,1.0,100,1.0,100,0.0,0,2
nikkansports.com,1.0,100,1.0,100,0.0,0,0
google.ru,1.0,100,1.0,100,0.0,0,0
openstreetmap.org,1.0,100,1.0,100,0.0,0,0
tw.yahoo.com,1.0,100,1.0,100,0.0,0,1
wnacg.com,1.0,100,1.0,100,0.0,0,0
weibo.com,1.0,100,1.0,100,0.0,0,0
get.adobe.com,1.0,100,1.0,100,0.0,0,0
service.gov.uk,1.0,100,1.0,100,0.0,0,0
www.disneyplus.com,1.0,100,1.0,100,0.0,0,0
substrate.office.com,1.0,100,1.0,100,0.0,0,1
vidazoo.com,1.0,100,1.0,100,0.0,0,0
discord.gg,1.0,100,1.0,100,0.0,0,0
wikihow.com,1.0,100,1.0,100,0.0,0,0
ibm.com,1.0,100,1.0,100,0.0,0,0
www.linkedin.com,0.99,99,0.99,99,0.0,0,16
gumgum.com,1.0,100,1.0,100,0.0,0,2
biblegateway.com,1.0,100,1.0,100,0.0,0,0
imagefap.com,1.0,100,1.0,100,0.0,0,0
es.pornhub.com,1.0,100,1.0,100,0.0,0,0
www.amazon.com,1.0,100,1.0,100,0.0,0,1
ca.gov,1.0,100,1.0,100,0.0,0,0
sophos.com,1.0,100,1.0,100,0.0,0,4
sportskeeda.com,1.0,100,1.0,100,0.0,0,0
id5-sync.com,1.0,100,1.0,100,0.0,0,0
mozilla.org,1.0,100,1.0,100,0.0,0,0
xhamster.com,1.0,100,1.0,100,0.0,0,0
google.co.uk,1.0,100,1.0,100,0.0,0,0
mysql.com,1.0,100,1.0,100,0.0,0,0
www.pinterest.com,1.0,100,1.0,100,0.0,0,2
myaccount.google.com,1.0,100,1.0,100,0.0,0,0
pornhub.com,1.0,100,1.0,100,0.0,0,2
ec.europa.eu,1.0,100,1.0,100,0.0,0,1
github.io,1.0,100,1.0,100,0.0,0,0
bootstrapcdn.com,1.0,100,1.0,100,0.0,0,2
gimy.app,1.0,100,1.0,100,0.0,0,0
kargo.com,1.0,100,1.0,100,0.0,0,0
omegle.com,1.0,100,1.0,100,0.0,0,0
trustpilot.com,1.0,100,1.0,100,0.0,0,0
vivo.com,1.0,100,1.0,100,0.0,0,0
vjav.com,1.0,100,1.0,100,0.0,0,0
bilibili.tv,1.0,100,1.0,100,0.0,0,2
box.com,1.0,100,1.0,100,0.0,0,0
cpanel.net,1.0,100,1.0,100,0.0,0,0
clarin.com,1.0,100,1.0,100,0.0,0,0
virtualearth.net,1.0,100,1.0,100,0.0,0,10
buzzfeed.com,1.0,100,1.0,100,0.0,0,0
steampowered.com,1.0,100,1.0,100,0.0,0,1
wp.pl,1.0,100,1.0,100,0.0,0,1
blic.rs,1.0,100,1.0,100,0.0,0,0
forter.com,1.0,100,1.0,100,0.0,0,1
classroom.google.com,1.0,100,1.0,100,0.0,0,0
sourceforge.net,1.0,100,1.0,100,0.0,0,4
tiktok.com,1.0,100,1.0,100,0.0,0,4
addtoany.com,1.0,100,1.0,100,0.0,0,0
xvideos.com,1.0,100,1.0,100,0.0,0,0
history.google.com,1.0,100,1.0,100,0.0,0,0
mangatoto.com,1.0,100,1.0,100,0.0,0,3
indiatimes.com,1.0,100,1.0,100,0.0,0,0
cm.g.doubleclick.net,1.0,100,1.0,100,0.0,0,0
www.bbc.co.uk,1.0,100,1.0,100,0.0,0,0
globo.com,1.0,100,1.0,100,0.0,0,0
media.net,1.0,100,1.0,100,0.0,0,0
bitdefender.net,1.0,100,1.0,100,0.0,0,0
www.semana.com,1.0,100,1.0,100,0.0,0,8
oracle.com,1.0,100,1.0,100,0.0,0,1
sexvideos.host,1.0,100,1.0,100,0.0,0,0
funnyjunk.com,1.0,100,1.0,100,0.0,0,0
sedo.com,1.0,100,1.0,100,0.0,0,1
bitly.com,1.0,100,1.0,100,0.0,0,0
articulo.mercadolibre.com.mx,1.0,100,1.0,100,0.0,0,1
licdn.com,0.97,97,0.97,97,0.0,0,20
sites.google.com,1.0,100,1.0,100,0.0,0,0
espn.com,1.0,100,1.0,100,0.0,0,0
nexon.com,1.0,100,1.0,100,0.0,0,0
joyclub.de,1.0,100,1.0,100,0.0,0,0
www.mlb.com,1.0,100,1.0,100,0.0,0,0
tapjoy.com,0.99,99,0.99,99,0.0,0,10
mirror.co.uk,1.0,100,1.0,100,0.0,0,0
store.steampowered.com,1.0,100,1.0,100,0.0,0,0
otvfoco.com.br,1.0,100,1.0,100,0.0,0,1
app.hubspot.com,1.0,100,1.0,100,0.0,0,0
www.interia.pl,1.0,100,1.0,100,0.0,0,0
google.fr,1.0,100,1.0,100,0.0,0,0
livedoor.com,1.0,100,1.0,100,0.0,0,0
servicewebly.com,1.0,100,1.0,100,0.0,0,0
livejournal.com,1.0,100,1.0,100,0.0,0,0
goojara.to,1.0,100,1.0,100,0.0,0,0
toyhou.se,1.0,100,1.0,100,0.0,0,0
eventbrite.com,1.0,100,1.0,100,0.0,0,0
faphouse.com,1.0,100,1.0,100,0.0,0,0
mail.ru,1.0,100,1.0,100,0.0,0,0
eset.com,1.0,100,1.0,100,0.0,0,0
brave.com,1.0,100,1.0,100,0.0,0,0
visualstudio.com,1.0,100,1.0,100,0.0,0,0
livedoor.jp,1.0,100,1.0,100,0.0,0,0
omtrdc.net,1.0,100,1.0,100,0.0,0,0
tsn.ua,1.0,100,1.0,100,0.0,0,0
m.bild.de,1.0,100,1.0,100,0.0,0,0
duckduckgo.com,1.0,100,1.0,100,0.0,0,0
theconversation.com,1.0,100,1.0,100,0.0,0,0
scorecardresearch.com,1.0,100,1.0,100,0.0,0,1
airbnb.com,1.0,100,1.0,100,0.0,0,0
365xxx.org,1.0,100,1.0,100,0.0,0,0
unpkg.com,1.0,100,1.0,100,0.0,0,0
vnimanie.pro,1.0,100,1.0,100,0.0,0,0
genius.com,1.0,100,1.0,100,0.0,0,0
apa.org,0.97,97,0.97,97,0.0,0,9
www.gov.br,1.0,100,1.0,100,0.0,0,16
stripe.com,1.0,100,1.0,100,0.0,0,0
optimizely.com,1.0,100,1.0,100,0.0,0,1
globalsign.com,1.0,100,1.0,100,0.0,0,0
soundcloud.com,1.0,100,1.0,100,0.0,0,2
www.google.pl,1.0,100,1.0,100,0.0,0,0
youtube.com,1.0,100,1.0,100,0.0,0,0
ancestry.com,1.0,100,1.0,100,0.0,0,0
scholar.google.com,1.0,100,1.0,100,0.0,0,0
old.reddit.com,1.0,100,1.0,100,0.0,0,0
quantserve.com,1.0,100,1.0,100,0.0,0,0
www.healthline.com,1.0,100,1.0,100,0.0,0,0
www.researchgate.net,1.0,100,1.0,100,0.0,0,0
www.aparat.com,1.0,100,1.0,100,0.0,0,0
poki.com,1.0,100,1.0,100,0.0,0,0
adobe.io,1.0,100,1.0,100,0.0,0,0
wiadomosci.wp.pl,1.0,100,1.0,100,0.0,0,0
amazon.de,1.0,100,1.0,100,0.0,0,0
oup.com,1.0,100,1.0,100,0.0,0,1
paypal.com,1.0,100,1.0,100,0.0,0,0
vice.com,1.0,100,1.0,100,0.0,0,0
medium.com,1.0,100,1.0,100,0.0,0,0
amazon.in,1.0,100,1.0,100,0.0,0,0
m.search.naver.com,1.0,100,1.0,100,0.0,0,1
nairaland.com,1.0,100,1.0,100,0.0,0,0
amplitude.com,1.0,100,1.0,100,0.0,0,0
yale.edu,1.0,100,1.0,100,0.0,0,0
squarespace.com,1.0,100,1.0,100,0.0,0,0
www.24h.com.vn,1.0,100,1.0,100,0.0,0,2
huffingtonpost.com,1.0,100,1.0,100,0.0,0,0
issuu.com,1.0,100,1.0,100,0.0,0,1
www.w3schools.com,1.0,100,1.0,100,0.0,0,0
disneyplus.com,1.0,100,1.0,100,0.0,0,0
bandcamp.com,1.0,100,1.0,100,0.0,0,0
acdc-direct.office.com,1.0,100,1.0,100,0.0,0,0
sharethrough.com,1.0,100,1.0,100,0.0,0,2
digikala.com,1.0,100,1.0,100,0.0,0,0
stackoverflow.com,1.0,100,1.0,100,0.0,0,0
olx.com.br,1.0,100,1.0,100,0.0,0,0
psychologytoday.com,1.0,100,1.0,100,0.0,0,1
salesforceliveagent.com,1.0,100,1.0,100,0.0,0,0
temu.com,1.0,100,1.0,100,0.0,0,0
worldbank.org,1.0,100,1.0,100,0.0,0,0
shopee.co.id,1.0,100,1.0,100,0.0,0,0
us.shein.com,1.0,100,1.0,100,0.0,0,0
upenn.edu,1.0,100,1.0,100,0.0,0,0
trello.com,1.0,100,1.0,100,0.0,0,0
youporn.com,1.0,100,1.0,100,0.0,0,0
nginx.org,1.0,100,1.0,100,0.0,0,0
google.cn,1.0,100,1.0,100,0.0,0,0
pubmed.ncbi.nlm.nih.gov,1.0,100,1.0,100,0.0,0,0
telegram.org,1.0,100,1.0,100,0.0,0,0
aliyun.com,1.0,100,1.0,100,0.0,0,0
unifi-ai.com,1.0,100,1.0,100,0.0,0,0
aliexpress.com,1.0,100,1.0,100,0.0,0,0
chartbeat.com,1.0,100,1.0,100,0.0,0,0
umbrella.com,1.0,100,1.0,100,0.0,0,0
steamcommunity.com,1.0,100,1.0,100,0.0,0,0
yts.mx,1.0,100,1.0,100,0.0,0,1
google.com,1.0,100,1.0,100,0.0,0,0
rokna.net,1.0,100,1.0,100,0.0,0,0
tp-link.com,1.0,100,1.0,100,0.0,0,0
giphy.com,1.0,100,1.0,100,0.0,0,1
php.net,1.0,100,1.0,100,0.0,0,0
costco.com,1.0,100,1.0,100,0.0,0,0
mercadolibre.com.ar,1.0,100,1.0,100,0.0,0,0
grammarly.com,1.0,100,1.0,100,0.0,0,0
segment.io,1.0,100,1.0,100,0.0,0,0
pussyspace.com,1.0,100,1.0,100,0.0,0,2
www.redtube.com,1.0,100,1.0,100,0.0,0,0
ntppool.org,1.0,100,1.0,100,0.0,0,0
www.sozcu.com.tr,1.0,100,1.0,100,0.0,0,1
lemonde.fr,1.0,100,1.0,100,0.0,0,0
shein.com,1.0,100,1.0,100,0.0,0,0
haber7.com,1.0,100,1.0,100,0.0,0,1
www.google.it,1.0,100,1.0,100,0.0,0,0
in.pinterest.com,1.0,100,1.0,100,0.0,0,3
cnn.com,1.0,100,1.0,100,0.0,0,0
fortune.com,1.0,100,1.0,100,0.0,0,0
reddit.com,1.0,100,1.0,100,0.0,0,1
photos.google.com,1.0,100,1.0,100,0.0,0,0
unity3d.com,1.0,100,1.0,100,0.0,0,0
meet.google.com,1.0,100,1.0,100,0.0,0,0
etsy.com,1.0,100,1.0,100,0.0,0,0
dlsite.com,1.0,100,1.0,100,0.0,0,0
stanford.edu,1.0,100,1.0,100,0.0,0,1
cbsnews.com,1.0,100,1.0,100,0.0,0,0
nationalgeographic.com,1.0,100,1.0,100,0.0,0,0
faq.whatsapp.com,1.0,100,1.0,100,0.0,0,0
brainly.co.id,1.0,100,1.0,100,0.0,0,0
erome.com,1.0,100,1.0,100,0.0,0,0
aboutads.info,1.0,100,1.0,100,0.0,0,0
www.target.com,1.0,100,1.0,100,0.0,0,0
coupang.com,1.0,100,1.0,100,0.0,0,1
www.google.com,1.0,100,1.0,100,0.0,0,0
apis.google.com,1.0,100,1.0,100,0.0,0,1
xing.com,1.0,100,1.0,100,0.0,0,1
ft.com,1.0,100,1.0,100,0.0,0,0
healthline.com,1.0,100,1.0,100,0.0,0,0
networkadvertising.org,1.0,100,1.0,100,0.0,0,0
drive.google.com,1.0,100,1.0,100,0.0,0,0
dto.to,1.0,100,1.0,100,0.0,0,1
togetter.com,1.0,100,1.0,100,0.0,0,0
a-mo.net,1.0,100,1.0,100,0.0,0,0
www.bing.com,1.0,100,1.0,100,0.0,0,0
nvidia.com,0.99,99,0.99,99,0.0,0,8
mit.edu,1.0,100,1.0,100,0.0,0,0
abplive.com,1.0,100,1.0,100,0.0,0,0
psu.edu,1.0,100,1.0,100,0.0,0,0
www.google.co.uk,1.0,100,1.0,100,0.0,0,0
email.seznam.cz,1.0,100,1.0,100,0.0,0,0
rakuten.co.jp,1.0,100,1.0,100,0.0,0,0
moatads.com,1.0,100,1.0,100,0.0,0,0
ad.nl,1.0,100,1.0,100,0.0,0,13
ebay.it,1.0,100,1.0,100,0.0,0,0
onlyfans.com,1.0,100,1.0,100,0.0,0,0
openai.com,1.0,100,1.0,100,0.0,0,0
www.speedtest.net,1.0,100,1.0,100,0.0,0,0
aajtak.in,1.0,100,1.0,100,0.0,0,0
go.com,1.0,100,1.0,100,0.0,0,0
google.co.in,1.0,100,1.0,100,0.0,0,0
promiedos.com.ar,1.0,100,1.0,100,0.0,0,3
imgur.com,1.0,100,1.0,100,0.0,0,0
merkur.de,1.0,100,1.0,100,0.0,0,0
unotv.com,1.0,100,1.0,100,0.0,0,0
1mg.com,1.0,100,1.0,100,0.0,0,0
www.erome.com,1.0,100,1.0,100,0.0,0,0
americanexpress.com,1.0,100,1.0,100,0.0,0,0
fc2.com,1.0,100,1.0,100,0.0,0,0
amazon.com.br,1.0,100,1.0,100,0.0,0,0
wikisach.net,1.0,100,1.0,100,0.0,0,1
69shu.com,1.0,100,1.0,100,0.0,0,1
magazineluiza.com.br,1.0,100,1.0,100,0.0,0,0
wired.com,1.0,100,1.0,100,0.0,0,0
nypost.com,1.0,100,1.0,100,0.0,0,1
accounts.google.com,1.0,100,1.0,100,0.0,0,1
redditmedia.com,1.0,100,1.0,100,0.0,0,1
samsung.com,0.99,99,0.99,99,0.0,0,3
nexusmods.com,1.0,100,1.0,100,0.0,0,0
simpli.fi,1.0,100,1.0,100,0.0,0,1
xiaomi.com,1.0,100,1.0,100,0.0,0,0
zemanta.com,1.0,100,1.0,100,0.0,0,0
ip-api.com,1.0,100,1.0,100,0.0,0,0
calendly.com,1.0,100,1.0,100,0.0,0,0
uber.com,1.0,100,1.0,100,0.0,0,0
zoho.com,1.0,100,1.0,100,0.0,0,0
bt.dk,0.99,99,0.99,99,0.0,0,17
hindustantimes.com,1.0,100,1.0,100,0.0,0,0
wildberries.ru,1.0,100,1.0,100,0.0,0,0
www.eenadu.net,1.0,100,1.0,100,0.0,0,0
m.naver.com,1.0,100,1.0,100,0.0,0,0
qq.com,1.0,100,1.0,100,0.0,0,0
google.co.th,1.0,100,1.0,100,0.0,0,1
pornhub.org,1.0,100,1.0,100,0.0,0,0
m.youtube.com,1.0,100,1.0,100,0.0,0,0
quora.com,1.0,100,1.0,100,0.0,0,0
lectortmo.com,1.0,100,1.0,100,0.0,0,0
hotjar.com,1.0,100,1.0,100,0.0,0,0
www.google.co.in,1.0,100,1.0,100,0.0,0,0
wpengine.com,1.0,100,1.0,100,0.0,0,1
digg.com,1.0,100,1.0,100,0.0,0,0
web.archive.org,1.0,100,1.0,100,0.0,0,0
ebay.co.uk,1.0,100,1.0,100,0.0,0,0
wa.me,1.0,100,1.0,100,0.0,0,0
pubmatic.com,1.0,100,1.0,100,0.0,0,0
www.walmart.com,1.0,100,1.0,100,0.0,0,4
google.pl,1.0,100,1.0,100,0.0,0,0
character.ai,1.0,100,0.99,99,-0.010000000000000009,-1,1
nike.com,1.0,100,0.99,99,-0.010000000000000009,-1,2
apnews.com,1.0,100,0.99,99,-0.010000000000000009,-1,5
zoom.us,1.0,100,0.99,99,-0.010000000000000009,-1,1
moneycontrol.com,1.0,100,0.99,99,-0.010000000000000009,-1,2
casalemedia.com,1.0,100,0.99,99,-0.010000000000000009,-1,1
archive.org,1.0,100,0.99,99,-0.010000000000000009,-1,3
economist.com,1.0,100,0.99,99,-0.010000000000000009,-1,1
quantummetric.com,1.0,100,0.99,99,-0.010000000000000009,-1,1
www.wetter.com,1.0,100,0.99,99,-0.010000000000000009,-1,1
businessinsider.com,0.99,99,0.98,98,-0.010000000000000009,-1,18
player.vimeo.com,1.0,100,0.99,99,-0.010000000000000009,-1,1
dagbladet.no,1.0,100,0.99,99,-0.010000000000000009,-1,1
skype.com,1.0,100,0.99,99,-0.010000000000000009,-1,1
itmedia.co.jp,1.0,100,0.99,99,-0.010000000000000009,-1,1
wetter.com,1.0,100,0.99,99,-0.010000000000000009,-1,1
sexalarab.com,1.0,100,0.99,99,-0.010000000000000009,-1,1
support.microsoft.com,1.0,100,0.99,99,-0.010000000000000009,-1,1
cloudflare-dns.com,1.0,100,0.99,99,-0.010000000000000009,-1,2
intercom.io,1.0,100,0.99,99,-0.010000000000000009,-1,3
g.page,1.0,100,0.99,99,-0.010000000000000009,-1,3
bestbuy.com,1.0,100,0.99,99,-0.010000000000000009,-1,5
sciencedirect.com,1.0,100,0.99,99,-0.010000000000000009,-1,1
www.msn.com,1.0,100,0.99,99,-0.010000000000000009,-1,6
pornpics.com,1.0,100,0.99,99,-0.010000000000000009,-1,1
scribd.com,1.0,100,0.99,99,-0.010000000000000009,-1,1
www.apple.com,1.0,100,0.99,99,-0.010000000000000009,-1,2
businesswire.com,1.0,100,0.99,99,-0.010000000000000009,-1,29
www.merkur.de,1.0,100,0.99,99,-0.010000000000000009,-1,1
olx.ua,1.0,100,0.99,99,-0.010000000000000009,-1,6
sexvid.pro,1.0,100,0.99,99,-0.010000000000000009,-1,1
topmanhua.com,1.0,100,0.99,99,-0.010000000000000009,-1,2
google.com.br,1.0,100,0.99,99,-0.010000000000000009,-1,1
linkedin.com,0.98,98,0.97,97,-0.010000000000000009,-1,17
kooora.com,1.0,100,0.99,99,-0.010000000000000009,-1,3
mzstatic.com,1.0,100,0.99,99,-0.010000000000000009,-1,2
njuskalo.hr,1.0,100,0.99,99,-0.010000000000000009,-1,1
debian.org,1.0,100,0.99,99,-0.010000000000000009,-1,1
exo.nel.measure.office.net,0.95,95,0.93,93,-0.019999999999999907,-2,48
avito.ru,0.96,96,0.94,94,-0.020000000000000018,-2,44
mashable.com,1.0,100,0.98,98,-0.020000000000000018,-2,2
netgear.com,1.0,100,0.98,98,-0.020000000000000018,-2,3
samsungosp.com,0.99,99,0.97,97,-0.020000000000000018,-2,25
spotify.com,0.99,99,0.97,97,-0.020000000000000018,-2,6
geny.com,0.99,99,0.97,97,-0.020000000000000018,-2,9
business.site,1.0,100,0.98,98,-0.020000000000000018,-2,5
target.com,1.0,100,0.98,98,-0.020000000000000018,-2,2
sellercentral.amazon.com,1.0,100,0.98,98,-0.020000000000000018,-2,3
rezka.ag,0.99,99,0.96,96,-0.030000000000000027,-3,11
terra.com.br,1.0,100,0.96,96,-0.040000000000000036,-4,4
miui.com,0.72,72,0.67,67,-0.04999999999999993,-5,274
vg.no,1.0,100,0.93,93,-0.06999999999999995,-7,7
game8.jp,1.0,100,0.9,90,-0.09999999999999998,-10,11
britannica.com,1.0,100,0.9,90,-0.09999999999999998,-10,13
cookpad.com,0.13,13,0.0,0,-0.13,-13,986
markt.de,1.0,100,0.45,45,-0.55,-55,66
market.yandex.ru,0.57,57,0.0,0,-0.57,-57,943
realtor.com,0.8,80,0.0,0,-0.8,-80,907
www.realtor.com,0.8,80,0.0,0,-0.8,-80,916
allegro.pl,0.98,98,0.05,5,-0.9299999999999999,-93,856
fb.com,1.0,100,0.02,2,-0.98,-98,275
c10r.facebook.com,1.0,100,0.01,1,-0.99,-99,276
www.facebook.com,1.0,100,0.01,1,-0.99,-99,276
web.facebook.com,1.0,100,0.0,0,-1.0,-100,276
fiverr.com,1.0,100,0.0,0,-1.0,-100,582
finance.yahoo.com,1.0,100,0.0,0,-1.0,-100,584
free.facebook.com,1.0,100,0.0,0,-1.0,-100,335
www.yahoo.com,1.0,100,0.0,0,-1.0,-100,269
m.facebook.com,1.0,100,0.0,0,-1.0,-100,275
techcrunch.com,1.0,100,0.0,0,-1.0,-100,226
