Rank,Domain,Use_Sub_www(Rel),Use_Host_Sub(Rel),Use_Host_Sub(Abs),Relative URI,Absolute URI,URI_Option
1,google.com,True,indifferent,True,True,True,indifferent
2,facebook.com,True,indifferent,True,True,True,indifferent
5,youtube.com,True,indifferent,True,True,True,indifferent
6,apple.com,unknown,True,True,True,True,indifferent
7,www.google.com,True,indifferent,indifferent,True,True,indifferent
9,instagram.com,True,indifferent,True,True,True,indifferent
22,office.com,True,indifferent,True,True,True,indifferent
24,wikipedia.org,True,indifferent,True,True,True,indifferent
26,amazon.com,True,indifferent,True,True,True,indifferent
28,bing.com,unknown,True,True,True,True,indifferent
34,icloud.com,unknown,True,True,True,True,indifferent
37,pinterest.com,unknown,True,True,True,True,indifferent
49,digicert.com,unknown,True,True,True,True,indifferent
53,adobe.com,unknown,True,True,True,True,indifferent
56,cloudflare.com,True,indifferent,True,True,True,indifferent
66,ui.com,indifferent,indifferent,indifferent,True,True,indifferent
76,ntp.org,indifferent,indifferent,indifferent,True,True,indifferent
80,whatsapp.com,True,indifferent,True,True,True,indifferent
94,qq.com,unknown,True,True,True,True,indifferent
103,tumblr.com,True,indifferent,True,True,True,indifferent
106,api.whatsapp.com,True,indifferent,indifferent,True,True,indifferent
108,criteo.com,True,indifferent,True,True,True,indifferent
109,baidu.com,True,indifferent,True,True,True,indifferent
110,nih.gov,unknown,True,True,True,True,indifferent
112,snapchat.com,True,indifferent,True,True,True,indifferent
117,nytimes.com,True,indifferent,True,True,True,indifferent
120,policies.google.com,True,indifferent,indifferent,True,True,indifferent
123,flickr.com,indifferent,indifferent,indifferent,True,True,indifferent
124,teams.microsoft.com,True,indifferent,indifferent,True,True,indifferent
127,zoom.us,indifferent,indifferent,indifferent,True,True,indifferent
128,dropbox.com,True,indifferent,True,True,True,indifferent
135,support.google.com,True,indifferent,indifferent,True,True,indifferent
142,apache.org,indifferent,indifferent,indifferent,True,True,indifferent
149,roblox.com,unknown,True,True,True,True,indifferent
150,www.bing.com,indifferent,indifferent,indifferent,True,True,indifferent
167,w3.org,True,indifferent,True,True,True,indifferent
170,amazontrust.com,True,indifferent,True,True,True,indifferent
171,www.ncbi.nlm.nih.gov,indifferent,indifferent,indifferent,True,True,indifferent
176,open.spotify.com,True,indifferent,indifferent,True,True,indifferent
181,forbes.com,True,indifferent,True,True,True,indifferent
184,taboola.com,True,indifferent,True,True,True,indifferent
189,applovin.com,True,indifferent,True,True,True,indifferent
195,example.com,False,True,indifferent,True,True,indifferent
196,login.live.com,True,indifferent,indifferent,True,True,indifferent
197,bbc.com,True,indifferent,True,True,True,indifferent
206,opera.com,True,indifferent,True,True,True,indifferent
210,appsflyer.com,unknown,True,True,True,True,indifferent
211,www.youtube.com,True,indifferent,indifferent,True,True,indifferent
212,imdb.com,True,indifferent,True,True,True,indifferent
215,who.int,True,indifferent,True,True,True,indifferent
220,mit.edu,unknown,True,True,True,True,indifferent
225,sciencedirect.com,unknown,True,True,True,True,indifferent
226,ebay.com,unknown,True,True,True,True,indifferent
228,scorecardresearch.com,True,indifferent,True,True,True,indifferent
233,www.facebook.com,True,indifferent,indifferent,True,True,indifferent
236,web.archive.org,True,indifferent,indifferent,True,True,indifferent
238,researchgate.net,unknown,True,True,True,True,indifferent
239,cdc.gov,unknown,True,True,True,True,indifferent
242,nginx.com,True,indifferent,True,True,True,indifferent
247,twitch.tv,True,indifferent,True,True,True,indifferent
250,reuters.com,True,indifferent,True,True,True,indifferent
251,weebly.com,unknown,True,True,True,True,indifferent
252,httpd.apache.org,indifferent,indifferent,indifferent,True,True,indifferent
254,wikimedia.org,True,indifferent,True,True,True,indifferent
256,android.com,indifferent,indifferent,indifferent,True,True,indifferent
258,hubspot.com,True,indifferent,True,True,True,indifferent
259,x1.c.lencr.org,indifferent,indifferent,indifferent,True,True,indifferent
265,google.de,True,indifferent,True,True,True,indifferent
268,shopify.com,True,indifferent,True,True,True,indifferent
269,www.gov.uk,True,indifferent,indifferent,True,True,indifferent
271,doi.org,True,indifferent,True,True,True,indifferent
272,oracle.com,unknown,True,True,True,True,indifferent
278,opendns.com,True,indifferent,True,True,True,indifferent
280,harvard.edu,True,indifferent,True,True,True,indifferent
283,wsj.com,True,indifferent,True,True,True,indifferent
290,etsy.com,unknown,True,True,True,True,indifferent
295,go.com,True,indifferent,True,True,True,indifferent
300,php.net,True,indifferent,True,True,True,indifferent
308,dailymotion.com,True,indifferent,True,True,True,indifferent
309,nist.gov,True,indifferent,True,True,True,indifferent
315,un.org,True,indifferent,True,True,True,indifferent
327,gnu.org,True,indifferent,True,True,True,indifferent
332,outbrain.com,unknown,True,True,True,True,indifferent
333,media.net,unknown,True,True,True,True,indifferent
334,id5-sync.com,False,True,indifferent,True,True,indifferent
337,npr.org,unknown,True,True,True,True,indifferent
341,moatads.com,indifferent,indifferent,indifferent,True,True,indifferent
342,stanford.edu,True,indifferent,True,True,True,indifferent
345,hotjar.com,True,indifferent,True,True,True,indifferent
346,zemanta.com,unknown,True,True,True,True,indifferent
348,quantserve.com,True,indifferent,indifferent,True,True,indifferent
353,grammarly.com,True,indifferent,True,True,True,indifferent
354,sharethrough.com,True,indifferent,True,True,True,indifferent
357,eventbrite.com,True,indifferent,True,True,True,indifferent
359,mp.weixin.qq.com,indifferent,indifferent,indifferent,True,True,indifferent
360,tripadvisor.com,unknown,True,True,True,True,indifferent
361,lijit.com,indifferent,indifferent,indifferent,True,True,indifferent
365,slideshare.net,True,indifferent,True,True,True,indifferent
367,nasa.gov,True,indifferent,True,True,True,indifferent
372,booking.com,True,indifferent,True,True,True,indifferent
374,branch.io,True,indifferent,True,True,True,indifferent
375,foxnews.com,True,indifferent,True,True,True,indifferent
378,cisco.com,unknown,True,True,True,True,indifferent
380,goodreads.com,True,indifferent,True,True,True,indifferent
385,upload.fp.measure.office.com,True,indifferent,indifferent,True,True,indifferent
395,addtoany.com,unknown,True,True,True,True,indifferent
397,espn.com,True,indifferent,True,True,True,indifferent
398,cpanel.net,False,True,True,True,True,indifferent
406,wix.com,True,indifferent,True,True,True,indifferent
420,mcafee.com,unknown,True,True,True,True,indifferent
422,cnet.com,True,indifferent,True,True,True,indifferent
426,scribd.com,True,indifferent,True,True,True,indifferent
434,amazon.de,True,indifferent,True,True,True,indifferent
440,wired.com,True,indifferent,True,True,True,indifferent
441,healthline.com,True,indifferent,True,True,True,indifferent
443,statista.com,True,indifferent,True,True,True,indifferent
444,webmd.com,True,indifferent,True,True,True,indifferent
447,surveymonkey.com,True,indifferent,True,True,True,indifferent
449,alibaba.com,unknown,True,True,True,True,indifferent
456,ted.com,True,indifferent,True,True,True,indifferent
459,mayoclinic.org,unknown,True,True,True,True,indifferent
460,rayjump.com,True,indifferent,indifferent,True,True,indifferent
461,speedtest.net,True,indifferent,True,True,True,indifferent
464,bilibili.com,unknown,True,True,True,True,indifferent
466,behance.net,True,indifferent,True,True,True,indifferent
469,web.whatsapp.com,True,indifferent,indifferent,True,True,indifferent
474,accuweather.com,unknown,True,True,True,True,indifferent
476,walmart.com,unknown,True,True,True,True,indifferent
478,globo.com,True,indifferent,True,True,True,indifferent
479,mysql.com,unknown,True,True,True,True,indifferent
480,buzzfeed.com,True,indifferent,True,True,True,indifferent
484,addthis.com,unknown,True,True,True,True,indifferent
485,google.ca,True,indifferent,True,True,True,indifferent
486,berkeley.edu,True,indifferent,True,True,True,indifferent
490,deviantart.com,True,indifferent,True,True,True,indifferent
494,debian.org,True,indifferent,True,True,True,indifferent
496,cbsnews.com,True,indifferent,True,True,True,indifferent
497,loc.gov,indifferent,indifferent,indifferent,True,True,indifferent
499,google.fr,True,indifferent,True,True,True,indifferent
501,squarespace.com,True,indifferent,True,True,True,indifferent
505,ft.com,True,indifferent,True,True,True,indifferent
510,verisign.com,True,indifferent,True,True,True,indifferent
520,support.apple.com,indifferent,indifferent,indifferent,True,True,indifferent
521,google.es,True,indifferent,True,True,True,indifferent
523,validator.w3.org,True,indifferent,indifferent,True,True,indifferent
524,naver.com,unknown,True,True,True,True,indifferent
532,google.it,True,indifferent,True,True,True,indifferent
536,ietf.org,unknown,True,True,True,True,indifferent
538,theverge.com,True,indifferent,True,True,True,indifferent
540,latimes.com,True,indifferent,True,True,True,indifferent
541,webex.com,unknown,True,True,True,True,indifferent
544,ca.gov,unknown,True,True,True,True,indifferent
547,patreon.com,unknown,True,True,True,True,indifferent
548,sb.scorecardresearch.com,True,indifferent,indifferent,True,True,indifferent
551,163.com,True,indifferent,True,True,True,indifferent
554,scholar.google.com,True,indifferent,indifferent,True,True,indifferent
560,cornell.edu,True,indifferent,True,True,True,indifferent
564,prnewswire.com,True,indifferent,True,True,True,indifferent
565,qualtrics.com,unknown,True,True,True,True,indifferent
570,google.nl,True,indifferent,True,True,True,indifferent
571,intuit.com,unknown,True,True,True,True,indifferent
575,exo.nel.measure.office.net,indifferent,indifferent,indifferent,True,True,indifferent
577,www.apple.com,indifferent,indifferent,indifferent,True,True,indifferent
578,freepik.com,True,indifferent,True,True,True,indifferent
581,washington.edu,unknown,True,True,True,True,indifferent
583,ikea.com,unknown,True,True,True,True,indifferent
588,clients.config.office.net,indifferent,indifferent,indifferent,True,True,indifferent
591,cookielaw.org,unknown,True,True,True,True,indifferent
594,nbcnews.com,unknown,True,True,True,True,indifferent
595,cambridge.org,unknown,True,True,True,True,indifferent
597,indiatimes.com,unknown,True,True,True,True,indifferent
602,britannica.com,True,indifferent,True,True,True,indifferent
612,fda.gov,unknown,True,True,True,True,indifferent
616,target.com,True,indifferent,True,True,True,indifferent
617,nationalgeographic.com,True,indifferent,True,True,True,indifferent
618,google.pl,True,indifferent,True,True,True,indifferent
624,pubmed.ncbi.nlm.nih.gov,True,indifferent,indifferent,True,True,indifferent
628,investopedia.com,True,indifferent,True,True,True,indifferent
630,tapad.com,unknown,True,True,True,True,indifferent
632,w3schools.com,unknown,True,True,True,True,indifferent
634,mediafire.com,unknown,True,True,True,True,indifferent
636,mlb.com,unknown,True,True,True,True,indifferent
638,wattpad.com,True,indifferent,True,True,True,indifferent
640,huffpost.com,True,indifferent,True,True,True,indifferent
644,fandom.com,True,indifferent,True,True,True,indifferent
647,youku.com,indifferent,indifferent,indifferent,True,True,indifferent
648,zillow.com,True,indifferent,True,True,True,indifferent
652,wayfair.com,unknown,True,True,True,True,indifferent
653,princeton.edu,unknown,True,True,True,True,indifferent
656,hugedomains.com,unknown,True,True,True,True,indifferent
657,amazon.fr,True,indifferent,True,True,True,indifferent
661,amazon.ca,True,indifferent,True,True,True,indifferent
662,ea.com,unknown,True,True,True,True,indifferent
664,onetrust.com,unknown,True,True,True,True,indifferent
665,www.amazon.com,True,indifferent,indifferent,True,True,indifferent
667,pornhub.com,unknown,True,True,True,True,indifferent
670,sectigo.com,unknown,True,True,True,True,indifferent
673,oneclient.sfx.ms,indifferent,indifferent,indifferent,True,True,indifferent
676,bestbuy.com,unknown,True,True,True,True,indifferent
678,fiverr.com,unknown,True,True,True,True,indifferent
679,lemonde.fr,True,indifferent,True,True,True,indifferent
682,optimizely.com,True,indifferent,True,True,True,indifferent
701,www.linkedin.com,True,indifferent,indifferent,True,True,indifferent
703,xvideos.com,True,indifferent,True,True,True,indifferent
705,change.org,True,indifferent,True,True,True,indifferent
706,trustpilot.com,True,indifferent,True,True,True,indifferent
707,whitehouse.gov,True,indifferent,True,True,True,indifferent
711,braze.com,unknown,True,True,True,True,indifferent
721,livejournal.com,True,indifferent,True,True,True,indifferent
722,google.cn,True,indifferent,True,True,True,indifferent
723,amazon.in,True,indifferent,True,True,True,indifferent
725,temu.com,True,indifferent,True,True,True,indifferent
734,xnxx.com,True,indifferent,True,True,True,indifferent
735,usda.gov,unknown,True,True,True,True,indifferent
736,noaa.gov,True,indifferent,True,True,True,indifferent
740,academia.edu,True,indifferent,True,True,True,indifferent
745,state.gov,True,indifferent,indifferent,True,True,indifferent
746,t-online.de,True,indifferent,True,True,True,indifferent
748,jotform.com,unknown,True,True,True,True,indifferent
754,stackadapt.com,True,indifferent,True,True,True,indifferent
758,sohu.com,unknown,True,True,True,True,indifferent
760,lowes.com,unknown,True,unknown,True,False,relative
765,33across.com,unknown,True,True,True,True,indifferent
766,shopee.com.br,True,indifferent,indifferent,True,True,indifferent
768,ieee.org,unknown,True,True,True,True,indifferent
769,bugsnag.com,True,indifferent,True,True,True,indifferent
770,docker.com,True,indifferent,True,True,True,indifferent
771,epa.gov,True,indifferent,True,True,True,indifferent
773,usnews.com,unknown,True,True,True,True,indifferent
777,adjust.com,unknown,True,True,True,True,indifferent
780,bootstrapcdn.com,True,indifferent,True,True,True,indifferent
781,pbs.org,True,indifferent,True,True,True,indifferent
782,amazon.it,unknown,True,True,True,True,indifferent
783,welt.de,unknown,True,True,True,True,indifferent
784,cbc.ca,unknown,True,True,True,True,indifferent
788,inmobi.com,unknown,True,True,True,True,indifferent
792,economist.com,True,indifferent,True,True,True,indifferent
796,store.steampowered.com,indifferent,indifferent,indifferent,True,True,indifferent
798,amplitude.com,indifferent,indifferent,indifferent,True,True,indifferent
801,disneyplus.com,unknown,True,True,True,True,indifferent
803,w55c.net,True,indifferent,True,True,True,indifferent
813,discogs.com,unknown,True,True,True,True,indifferent
814,flashtalking.com,indifferent,indifferent,indifferent,True,True,indifferent
817,ocsp.r2m01.amazontrust.com,True,indifferent,indifferent,True,True,indifferent
819,amazon.es,True,indifferent,True,True,True,indifferent
826,repubblica.it,True,indifferent,True,True,True,indifferent
828,daum.net,unknown,True,True,True,True,indifferent
830,nelreports.net,True,indifferent,True,True,True,indifferent
832,realtor.com,True,indifferent,True,True,True,indifferent
835,eporner.com,True,indifferent,True,True,True,indifferent
838,marketwatch.com,True,indifferent,True,True,True,indifferent
842,biblegateway.com,True,indifferent,True,True,True,indifferent
844,roku.com,unknown,True,True,True,True,indifferent
847,wp.pl,True,indifferent,True,True,True,indifferent
848,box.com,True,indifferent,True,True,True,indifferent
852,bild.de,unknown,True,True,True,True,indifferent
857,ebay.de,unknown,True,True,True,True,indifferent
861,fortune.com,indifferent,indifferent,indifferent,True,True,indifferent
866,unpkg.com,indifferent,indifferent,indifferent,True,True,indifferent
870,shopee.co.id,True,indifferent,indifferent,True,True,indifferent
873,costco.com,unknown,True,True,True,True,indifferent
874,elmundo.es,True,indifferent,True,True,True,indifferent
881,quantcount.com,True,indifferent,indifferent,True,True,indifferent
882,seznam.cz,True,indifferent,True,True,True,indifferent
891,corriere.it,True,indifferent,True,True,True,indifferent
893,avito.ru,unknown,True,True,True,True,indifferent
896,intentiq.com,True,indifferent,True,True,True,indifferent
897,mgid.com,unknown,True,True,True,True,indifferent
899,asos.com,unknown,True,True,True,True,indifferent
902,ancestry.com,True,indifferent,True,True,True,indifferent
903,eset.com,unknown,True,True,True,True,indifferent
907,wildberries.ru,True,indifferent,True,True,True,indifferent
911,redfin.com,True,indifferent,True,True,True,indifferent
915,rapid7.com,True,indifferent,True,True,True,indifferent
921,newyorker.com,True,indifferent,True,True,True,indifferent
924,mediavine.com,True,indifferent,True,True,True,indifferent
925,adroll.com,indifferent,indifferent,indifferent,True,True,indifferent
928,francetvinfo.fr,unknown,True,True,True,True,indifferent
931,dbankcloud.cn,True,indifferent,True,True,True,indifferent
932,weforum.org,unknown,True,True,True,True,indifferent
939,nicovideo.jp,True,indifferent,True,True,True,indifferent
946,kargo.com,True,indifferent,True,True,True,indifferent
951,cdnjs.cloudflare.com,True,indifferent,indifferent,True,True,indifferent
955,marca.com,True,indifferent,True,True,True,indifferent
956,psu.edu,True,indifferent,True,True,True,indifferent
964,yale.edu,True,indifferent,True,True,True,indifferent
968,agoda.com,unknown,True,True,True,True,indifferent
969,mckinsey.com,unknown,True,True,True,True,indifferent
971,erome.com,True,indifferent,True,True,True,indifferent
972,connatix.com,indifferent,indifferent,indifferent,True,True,indifferent
985,gsmarena.com,True,indifferent,True,True,True,indifferent
986,clients3.google.com,True,indifferent,indifferent,True,True,indifferent
987,atlassian.com,True,indifferent,True,True,True,indifferent
988,onet.pl,True,indifferent,True,True,True,indifferent
992,innovid.com,True,indifferent,True,True,True,indifferent
996,n-tv.de,True,indifferent,True,True,True,indifferent
997,flurry.com,True,indifferent,True,True,True,indifferent
998,tynt.com,False,True,indifferent,True,True,indifferent
1003,chess.com,True,indifferent,True,True,True,indifferent
1006,www.instagram.com,True,indifferent,indifferent,True,True,indifferent
1012,dbankcloud.com,True,indifferent,True,True,True,indifferent
1016,sciencedaily.com,True,indifferent,True,True,True,indifferent
1017,ecosia.org,True,indifferent,True,True,True,indifferent
1018,merriam-webster.com,True,indifferent,True,True,True,indifferent
1023,newsweek.com,True,indifferent,True,True,True,indifferent
1026,gofundme.com,True,indifferent,True,True,True,indifferent
1028,ouest-france.fr,unknown,True,True,True,True,indifferent
1029,bfmtv.com,True,indifferent,True,True,True,indifferent
1031,idnes.cz,True,indifferent,True,True,True,indifferent
1033,jimdo.com,True,indifferent,True,True,True,indifferent
1034,klaviyo.com,True,indifferent,True,True,True,indifferent
1035,openstreetmap.org,True,indifferent,True,True,True,indifferent
1036,fullstory.com,True,indifferent,True,True,True,indifferent
1037,quantummetric.com,True,indifferent,True,True,True,indifferent
1038,sportskeeda.com,unknown,True,True,True,True,indifferent
1040,clarin.com,unknown,True,True,True,True,indifferent
1043,flipkart.com,unknown,True,True,True,True,indifferent
1046,netgear.com,True,indifferent,True,True,True,indifferent
1048,creditkarma.com,unknown,True,True,True,True,indifferent
1050,nu.nl,unknown,True,True,True,True,indifferent
1051,in.pinterest.com,indifferent,indifferent,indifferent,True,True,indifferent
1052,hindustantimes.com,unknown,True,True,True,True,indifferent
1053,nexusmods.com,unknown,True,True,True,True,indifferent
1055,tokopedia.com,unknown,True,True,True,True,indifferent
1056,upenn.edu,True,indifferent,True,True,True,indifferent
1060,interia.pl,True,indifferent,True,True,True,indifferent
1062,samsungosp.com,True,indifferent,indifferent,True,True,indifferent
1063,joinhoney.com,True,indifferent,True,True,True,indifferent
1064,vmware.com,unknown,True,True,True,True,indifferent
1070,india.com,unknown,True,True,True,True,indifferent
1072,zdnet.com,True,indifferent,True,True,True,indifferent
1073,permutive.com,indifferent,indifferent,indifferent,True,True,indifferent
1074,otto.de,True,indifferent,True,True,True,indifferent
1078,ocsp.r2m02.amazontrust.com,True,indifferent,indifferent,True,True,indifferent
1079,biomedcentral.com,True,indifferent,True,True,True,indifferent
1080,mobile.de,unknown,True,True,True,True,indifferent
1086,ipify.org,True,indifferent,True,True,True,indifferent
1093,mdpi.com,unknown,True,True,True,True,indifferent
1095,aparat.com,unknown,True,True,True,True,indifferent
1098,conviva.com,unknown,True,True,True,True,indifferent
1100,google.ru,True,indifferent,True,True,True,indifferent
1102,detik.com,True,indifferent,True,True,True,indifferent
1104,20minutos.es,True,indifferent,True,True,True,indifferent
1105,www.adobe.com,indifferent,indifferent,indifferent,True,True,indifferent
1107,vidazoo.com,indifferent,indifferent,indifferent,True,True,indifferent
1108,typeform.com,True,indifferent,True,True,True,indifferent
1111,forter.com,True,indifferent,True,True,True,indifferent
1122,bmj.com,True,indifferent,True,True,True,indifferent
1126,ilovepdf.com,unknown,True,True,True,True,indifferent
1127,leboncoin.fr,True,indifferent,True,True,True,indifferent
1130,google.cl,True,indifferent,True,True,True,indifferent
1131,udn.com,indifferent,indifferent,indifferent,True,True,indifferent
1137,redditmedia.com,True,indifferent,True,True,True,indifferent
1138,wetter.com,True,indifferent,True,True,True,indifferent
1144,kleinanzeigen.de,unknown,True,True,True,True,indifferent
1148,safebrowsing.google.com,True,indifferent,indifferent,True,True,indifferent
1152,flashscore.com,True,indifferent,True,True,True,indifferent
1153,vox.com,True,indifferent,True,True,True,indifferent
1154,espncricinfo.com,unknown,True,True,True,True,indifferent
1157,trendyol.com,unknown,True,True,True,True,indifferent
1158,nakheelteam.cc,indifferent,indifferent,indifferent,True,True,indifferent
1161,gazzetta.it,True,indifferent,True,True,True,indifferent
1162,login.yahoo.com,True,indifferent,indifferent,True,True,indifferent
1163,fastcompany.com,True,indifferent,True,True,True,indifferent
1164,cricbuzz.com,unknown,True,True,True,True,indifferent
1171,plex.tv,unknown,True,True,True,True,indifferent
1172,mediatek.com,True,indifferent,True,True,True,indifferent
1178,www.dropbox.com,True,indifferent,indifferent,True,True,indifferent
1182,omegle.com,unknown,True,True,True,True,indifferent
1192,vg.no,True,indifferent,True,True,True,indifferent
1195,www.google.co.uk,True,indifferent,indifferent,True,True,indifferent
1199,livedoor.com,True,indifferent,True,True,True,indifferent
1201,pendo.io,True,indifferent,True,True,True,indifferent
1202,apa.org,unknown,True,True,True,True,indifferent
1203,xing.com,True,indifferent,True,True,True,indifferent
1206,tnaflix.com,True,indifferent,True,True,True,indifferent
1208,feedburner.com,indifferent,indifferent,indifferent,True,True,indifferent
1209,acesso.gov.br,indifferent,indifferent,indifferent,True,True,indifferent
1210,www.baidu.com,True,indifferent,indifferent,True,True,indifferent
1215,expressen.se,unknown,True,True,True,True,indifferent
1218,varzesh3.com,True,indifferent,True,True,True,indifferent
1220,indiamart.com,True,indifferent,True,True,True,indifferent
1221,pornpics.com,True,indifferent,True,True,True,indifferent
1223,g1.globo.com,True,indifferent,indifferent,True,True,indifferent
1227,boyfriendtv.com,True,indifferent,True,True,True,indifferent
1230,uci.edu,indifferent,indifferent,indifferent,True,True,indifferent
1231,remove.bg,unknown,True,True,True,True,indifferent
1238,marktplaats.nl,True,indifferent,True,True,True,indifferent
1239,mundodeportivo.com,unknown,True,True,True,True,indifferent
1243,furaffinity.net,unknown,True,True,True,True,indifferent
1244,lightinthebox.com,unknown,True,True,True,True,indifferent
1246,www.pinterest.com,indifferent,indifferent,indifferent,True,True,indifferent
1249,gismeteo.ru,True,indifferent,True,True,True,indifferent
1252,chartboost.com,True,indifferent,True,True,True,indifferent
1253,oreilly.com,unknown,True,True,True,True,indifferent
1257,myntra.com,unknown,True,True,True,True,indifferent
1258,ebay.it,unknown,True,True,True,True,indifferent
1259,merkur.de,True,indifferent,True,True,True,indifferent
1260,kemono.party,indifferent,indifferent,indifferent,True,True,indifferent
1263,ip-api.com,indifferent,indifferent,indifferent,True,True,indifferent
1265,airbnb.com,unknown,True,True,True,True,indifferent
1266,youporn.com,unknown,True,True,True,True,indifferent
1268,hotpepper.jp,True,indifferent,True,True,True,indifferent
1270,coupang.com,unknown,True,True,True,True,indifferent
1271,semana.com,unknown,True,True,True,True,indifferent
1277,smartthings.com,True,indifferent,True,True,True,indifferent
1278,makemytrip.com,unknown,True,True,True,True,indifferent
1282,redtube.com,unknown,True,True,True,True,indifferent
1284,irs.gov,unknown,True,True,True,True,indifferent
1285,cdiscount.com,True,indifferent,indifferent,True,True,indifferent
1288,elcorteingles.es,unknown,True,True,True,True,indifferent
1290,www.whatsapp.com,True,indifferent,indifferent,True,True,indifferent
1295,www.imdb.com,True,indifferent,indifferent,True,True,indifferent
1298,pewresearch.org,True,indifferent,True,True,True,indifferent
1301,finn.no,unknown,True,True,True,True,indifferent
1307,dagbladet.no,unknown,True,True,True,True,indifferent
1308,hepsiburada.com,unknown,True,True,True,True,indifferent
1309,miwifi.com,indifferent,indifferent,True,True,True,indifferent
1311,ilmeteo.it,unknown,True,True,True,True,indifferent
1317,olx.pl,True,indifferent,True,True,True,indifferent
1318,gamer.com.tw,True,indifferent,indifferent,True,True,indifferent
1322,bilibili.tv,unknown,True,True,True,True,indifferent
1324,www.nytimes.com,True,indifferent,indifferent,True,True,indifferent
1326,www.google.de,True,indifferent,indifferent,True,True,indifferent
1327,augloop.office.com,indifferent,indifferent,indifferent,True,True,indifferent
1332,subito.it,unknown,True,True,True,True,indifferent
1334,jalan.net,True,indifferent,True,True,True,indifferent
1336,shalltry.com,True,indifferent,True,True,True,indifferent
1340,www.walmart.com,indifferent,indifferent,indifferent,True,True,indifferent
1344,old.reddit.com,True,indifferent,indifferent,True,True,indifferent
1351,digikala.com,True,indifferent,True,True,True,indifferent
1352,nairaland.com,unknown,True,True,True,True,indifferent
1357,abplive.com,unknown,True,True,True,True,indifferent
1358,vivoglobal.com,unknown,True,True,True,True,indifferent
1359,youjizz.com,unknown,True,True,True,True,indifferent
1362,arin.net,True,indifferent,True,True,True,indifferent
1364,www.ebay.com,indifferent,indifferent,indifferent,True,True,indifferent
1365,www.zillow.com,True,indifferent,indifferent,True,True,indifferent
1366,3bmeteo.com,unknown,True,True,True,True,indifferent
1368,ria.com,True,indifferent,True,True,True,indifferent
1372,dw.com,unknown,True,True,True,True,indifferent
1373,www.espn.com,True,indifferent,indifferent,True,True,indifferent
1374,mynet.com,True,indifferent,True,True,True,indifferent
1375,www.etsy.com,indifferent,indifferent,indifferent,True,True,indifferent
1376,fmkorea.com,True,indifferent,True,True,True,indifferent
1380,rbc.ua,unknown,True,True,True,True,indifferent
1381,haberler.com,True,indifferent,indifferent,True,True,indifferent
1384,gelbooru.com,indifferent,indifferent,indifferent,True,True,indifferent
1385,dantri.com.vn,indifferent,indifferent,False,True,True,indifferent
1386,mbga.jp,True,indifferent,indifferent,True,True,indifferent
1387,nikkansports.com,True,indifferent,True,True,True,indifferent
1389,imagefap.com,True,indifferent,True,True,True,indifferent
1397,thisvid.com,indifferent,indifferent,indifferent,True,True,indifferent
1401,sitemaps.org,indifferent,indifferent,indifferent,True,True,indifferent
1408,ixxx.com,unknown,True,True,True,True,indifferent
1411,sxyprn.com,indifferent,indifferent,indifferent,True,True,indifferent
1412,leroymerlin.fr,True,indifferent,True,True,True,indifferent
1418,spamhaus.org,unknown,True,True,True,True,indifferent
1423,wunderground.com,unknown,True,True,True,True,indifferent
1424,index.hr,unknown,True,True,True,True,indifferent
1429,fanpage.it,unknown,True,True,True,True,indifferent
1433,www.foxnews.com,indifferent,indifferent,indifferent,True,True,indifferent
1437,www.amazon.co.uk,True,indifferent,indifferent,True,True,indifferent
1439,www.roblox.com,True,indifferent,indifferent,True,True,indifferent
1440,www.google.com.mx,True,indifferent,indifferent,True,True,indifferent
1441,milanuncios.com,True,indifferent,True,True,True,indifferent
1442,sky.com,unknown,True,True,True,True,indifferent
1443,www.bbc.com,True,indifferent,indifferent,True,True,indifferent
1444,justdial.com,unknown,True,True,True,True,indifferent
1447,www.tripadvisor.com,indifferent,indifferent,indifferent,True,True,indifferent
1448,ifilo.net,indifferent,indifferent,True,True,True,indifferent
1450,ajio.com,unknown,True,True,True,True,indifferent
1452,amarujala.com,True,indifferent,True,True,True,indifferent
1453,medicalnewstoday.com,True,indifferent,True,True,True,indifferent
1455,www.dailymotion.com,True,indifferent,indifferent,True,True,indifferent
1459,www.google.nl,True,indifferent,indifferent,True,True,indifferent
1461,www.booking.com,True,indifferent,indifferent,True,True,indifferent
1463,emag.ro,True,indifferent,True,True,True,indifferent
1464,www.google.ca,True,indifferent,indifferent,True,True,indifferent
1465,scientificamerican.com,True,indifferent,True,True,True,indifferent
1467,iltalehti.fi,True,indifferent,True,True,True,indifferent
1470,inps.it,True,indifferent,True,True,True,indifferent
1472,protothema.gr,unknown,True,True,True,True,indifferent
1473,www.temu.com,True,indifferent,indifferent,True,True,indifferent
1477,www.amazon.de,indifferent,indifferent,indifferent,True,True,indifferent
1480,khabaronline.ir,True,indifferent,True,True,True,indifferent
1481,www.pornhub.com,True,indifferent,indifferent,True,True,indifferent
1482,jutarnji.hr,unknown,True,True,True,True,indifferent
1483,plesk.com,unknown,True,True,True,True,indifferent
1486,carsensor.net,True,indifferent,True,True,True,indifferent
1488,otomoto.pl,True,indifferent,True,True,True,indifferent
1492,www.google.com.tr,True,indifferent,indifferent,True,True,indifferent
1493,www.google.co.th,True,indifferent,indifferent,True,True,indifferent
1494,frontiersin.org,True,indifferent,True,True,True,indifferent
1497,shutterstock.com,True,indifferent,True,True,True,indifferent
1503,amazon.eg,unknown,True,True,True,True,indifferent
1505,www.bbc.co.uk,True,indifferent,indifferent,True,True,indifferent
1506,blic.rs,True,indifferent,True,True,True,indifferent
1509,www.google.com.hk,True,indifferent,indifferent,True,True,indifferent
1512,livehindustan.com,unknown,True,True,True,True,indifferent
1516,togetter.com,indifferent,indifferent,True,True,True,indifferent
1518,www.target.com,True,indifferent,indifferent,True,True,indifferent
1520,unotv.com,unknown,True,True,True,True,indifferent
1523,markt.de,unknown,True,True,True,True,indifferent
1525,turkiye.gov.tr,indifferent,indifferent,indifferent,True,True,indifferent
1526,cmoa.jp,True,indifferent,True,True,True,indifferent
1527,bt.dk,unknown,True,True,True,True,indifferent
1528,meetup.com,True,indifferent,True,True,True,indifferent
1532,namasha.com,True,indifferent,True,True,True,indifferent
1533,fuq.com,unknown,True,True,True,True,indifferent
1534,mintnav.com,indifferent,indifferent,indifferent,True,True,indifferent
1538,www.twitch.tv,True,indifferent,indifferent,True,True,indifferent
1542,www.bestbuy.com,indifferent,indifferent,indifferent,True,True,indifferent
1543,m.vk.com,indifferent,indifferent,indifferent,True,True,indifferent
1544,eenadu.net,True,indifferent,True,True,True,indifferent
1545,www.redfin.com,True,indifferent,indifferent,True,True,indifferent
1547,www.xvideos.com,True,indifferent,indifferent,True,True,indifferent
1555,www.realtor.com,True,indifferent,indifferent,True,True,indifferent
1558,hollywoodbets.net,unknown,True,True,True,True,indifferent
1562,www.disneyplus.com,indifferent,indifferent,indifferent,True,True,indifferent
1566,joyclub.de,True,indifferent,True,True,True,indifferent
1569,bartarinha.ir,True,indifferent,True,True,True,indifferent
1570,www.xnxx.com,True,indifferent,indifferent,True,True,indifferent
1573,servicewebly.com,indifferent,indifferent,indifferent,True,True,indifferent
1574,haber7.com,True,indifferent,True,True,True,indifferent
1575,www.google.co.in,True,indifferent,indifferent,True,True,indifferent
1577,pussyspace.com,True,indifferent,True,True,True,indifferent
1580,www.lowes.com,indifferent,indifferent,indifferent,True,True,indifferent
1581,unifi-ai.com,indifferent,indifferent,indifferent,True,True,indifferent
1583,rokna.net,unknown,True,True,True,True,indifferent
1587,abola.pt,unknown,True,True,True,True,indifferent
1588,xvideos.es,True,indifferent,True,True,True,indifferent
1590,porn300.com,True,indifferent,True,True,True,indifferent
1591,sondakika.com,True,indifferent,True,True,True,indifferent
1596,fabswingers.com,True,indifferent,True,True,True,indifferent
1600,1377x.to,True,indifferent,True,True,True,indifferent
1601,www.speedtest.net,True,indifferent,indifferent,True,True,indifferent
1602,pornhub.org,unknown,True,True,True,True,indifferent
1605,www.google.pl,True,indifferent,indifferent,True,True,indifferent
1606,goojara.to,True,indifferent,True,True,True,indifferent
1607,topmanhua.com,unknown,True,True,True,True,indifferent
1610,brainly.co.id,True,indifferent,indifferent,True,True,indifferent
1612,kurir.rs,unknown,True,indifferent,True,True,indifferent
1614,www.wayfair.com,indifferent,indifferent,indifferent,True,True,indifferent
1615,serviporno.com,unknown,True,True,True,True,indifferent
1616,hdtube.porn,True,indifferent,True,True,True,indifferent
1618,www.goodreads.com,True,indifferent,indifferent,True,True,indifferent
1620,xnxx.health,indifferent,indifferent,indifferent,True,True,indifferent
1621,xnxx.press,True,indifferent,True,True,True,indifferent
1626,fpo.xxx,True,indifferent,True,True,True,indifferent
1632,www.accuweather.com,indifferent,indifferent,indifferent,True,True,indifferent
1638,business.facebook.com,True,indifferent,indifferent,True,True,indifferent
1643,wnacg.com,indifferent,indifferent,indifferent,True,True,indifferent
1646,www.google.fr,True,indifferent,indifferent,True,True,indifferent
1647,prokerala.com,unknown,True,True,True,True,indifferent
1649,sexvid.pro,True,indifferent,True,True,True,indifferent
1652,www.wattpad.com,True,indifferent,indifferent,True,True,indifferent
1654,www.google.com.tw,True,indifferent,indifferent,True,True,indifferent
1655,bestsexporno.com,True,indifferent,True,True,True,indifferent
1656,tondae.net,indifferent,indifferent,indifferent,True,True,indifferent
1657,www.mlb.com,indifferent,indifferent,indifferent,True,True,indifferent
1658,aajtak.in,unknown,True,True,True,True,indifferent
1659,faq.whatsapp.com,True,indifferent,indifferent,True,True,indifferent
1660,1mg.com,unknown,True,True,True,True,indifferent
1663,www.researchgate.net,indifferent,indifferent,indifferent,True,True,indifferent
1664,www.costco.com,indifferent,indifferent,indifferent,True,True,indifferent
1665,us.shein.com,indifferent,indifferent,indifferent,True,True,indifferent
1666,leroymerlin.es,True,indifferent,True,True,True,indifferent
1667,sellercentral.amazon.com,indifferent,indifferent,indifferent,True,True,indifferent
1669,www.w3schools.com,True,indifferent,indifferent,True,True,indifferent
1670,www.healthline.com,True,indifferent,indifferent,True,True,indifferent
1671,www.google.it,True,indifferent,indifferent,True,True,indifferent
1672,www.amazon.ca,True,indifferent,indifferent,True,True,indifferent
1673,www.chess.com,True,indifferent,indifferent,True,True,indifferent
1674,www.google.com.br,True,indifferent,indifferent,True,True,indifferent
1678,www.amazon.com.mx,True,indifferent,indifferent,True,True,indifferent
1679,www.google.es,True,indifferent,indifferent,True,True,indifferent
1681,www.google.co.jp,True,indifferent,indifferent,True,True,indifferent
1683,en.gravatar.com,True,indifferent,indifferent,True,True,indifferent
1684,njuskalo.hr,True,indifferent,True,True,True,indifferent
1685,ninisite.com,True,indifferent,True,True,True,indifferent
1688,www.buzzfeed.com,True,indifferent,indifferent,True,True,indifferent
1691,www.independent.co.uk,True,indifferent,indifferent,True,True,indifferent
1693,netkeiba.com,False,True,True,True,True,indifferent
1694,www.ebay.co.uk,indifferent,indifferent,indifferent,True,True,indifferent
1695,www.bilibili.com,indifferent,indifferent,indifferent,True,True,indifferent
1696,www.mayoclinic.org,indifferent,indifferent,indifferent,True,True,indifferent
1697,www.patreon.com,indifferent,indifferent,indifferent,True,True,indifferent
1701,coinpayu.com,True,indifferent,True,True,True,indifferent
1702,onlinesbi.sbi,indifferent,indifferent,indifferent,True,True,indifferent
1703,bikewale.com,True,indifferent,True,True,True,indifferent
1705,www.amazon.fr,indifferent,indifferent,indifferent,True,True,indifferent
1712,jstor.org,True,indifferent,True,True,True,indifferent
1716,autodesk.com,unknown,True,True,True,True,indifferent
1720,www.ikea.com,indifferent,indifferent,indifferent,True,True,indifferent
1722,skokka.com,unknown,True,True,True,True,indifferent
1725,www.amazon.in,indifferent,indifferent,indifferent,True,True,indifferent
1726,bancodevenezuela.com,False,True,indifferent,True,True,indifferent
1728,syosetu.org,False,True,indifferent,True,True,indifferent
1730,www.thesun.co.uk,True,indifferent,indifferent,True,True,indifferent
1731,nesine.com,True,indifferent,True,True,True,indifferent
1732,xxxhdvideo.mobi,unknown,True,True,True,True,indifferent
1734,www.creditkarma.com,indifferent,indifferent,indifferent,True,True,indifferent
1735,storysaver.net,True,indifferent,True,True,True,indifferent
1738,m.imdb.com,unknown,True,indifferent,True,True,indifferent
1740,www.ilovepdf.com,indifferent,indifferent,indifferent,True,True,indifferent
1746,myactivity.google.com,True,indifferent,indifferent,True,True,indifferent
1749,www.scribd.com,True,indifferent,indifferent,True,True,indifferent
1750,eroterest.net,indifferent,indifferent,indifferent,True,True,indifferent
1752,dogdrip.net,unknown,True,True,True,True,indifferent
1753,thenetnaija.net,True,indifferent,True,True,True,indifferent
1754,ladies.de,unknown,True,True,True,True,indifferent
1758,clip2vip.com,indifferent,indifferent,indifferent,True,True,indifferent
1760,tjk.org,True,indifferent,True,True,True,indifferent
1761,apornvideo.com,indifferent,indifferent,indifferent,True,True,indifferent
1768,ruperttube.net,True,indifferent,True,True,True,indifferent
1769,www.amazon.co.jp,True,indifferent,indifferent,True,True,indifferent
1771,wapoz.info,True,indifferent,True,True,True,indifferent
1774,indiansexmms.me,True,indifferent,True,True,True,indifferent
1775,www.amazon.es,True,indifferent,indifferent,True,True,indifferent
1777,fabguys.com,True,indifferent,True,True,True,indifferent
1778,beta.character.ai,indifferent,indifferent,indifferent,True,True,indifferent
1780,www.wp.pl,True,indifferent,indifferent,True,True,indifferent
1781,coco.gg,indifferent,indifferent,indifferent,True,True,indifferent
1785,www.mediafire.com,indifferent,indifferent,indifferent,True,True,indifferent
1786,sexindrag.com,True,indifferent,True,True,True,indifferent
1787,winzogames.com,True,indifferent,True,True,True,indifferent
1791,www.freepik.com,True,indifferent,indifferent,True,True,indifferent
1792,librefutboltv.com,indifferent,indifferent,indifferent,True,True,indifferent
1799,arbada.com,True,indifferent,True,True,True,indifferent
1801,sex4arab.xxx,indifferent,indifferent,indifferent,True,True,indifferent
1804,www.amazon.it,True,indifferent,indifferent,True,True,indifferent
1805,xnxx.com.se,True,indifferent,indifferent,True,True,indifferent
1806,qorno.com,unknown,True,True,True,True,indifferent
1810,www.rightmove.co.uk,True,indifferent,indifferent,True,True,indifferent
1817,www.tokopedia.com,indifferent,indifferent,indifferent,True,True,indifferent
1819,in3x.net,indifferent,indifferent,indifferent,True,True,indifferent
1822,sarkariresult.com,unknown,True,True,True,True,indifferent
1825,wannonce.com,unknown,True,True,True,True,indifferent
1829,annunci69.it,unknown,True,True,True,True,indifferent
1831,centraldasapostas.net,True,indifferent,True,True,True,indifferent
1833,pornhat.one,unknown,True,True,True,True,indifferent
1836,www.deviantart.com,True,indifferent,indifferent,True,True,indifferent
1837,www.ancestry.com,True,indifferent,indifferent,True,True,indifferent
1839,www.espncricinfo.com,indifferent,indifferent,indifferent,True,True,indifferent
1840,m.ok.ru,indifferent,indifferent,indifferent,True,True,indifferent
1841,www.ecosia.org,True,indifferent,indifferent,True,True,indifferent
1842,smt.docomo.ne.jp,True,indifferent,indifferent,True,True,indifferent
1844,skelbiu.lt,unknown,True,True,True,True,indifferent
1845,www.avito.ru,indifferent,indifferent,indifferent,True,True,indifferent
1846,www.agoda.com,indifferent,indifferent,indifferent,True,True,indifferent
1848,shaalaa.com,True,indifferent,True,True,True,indifferent
1852,www.sportskeeda.com,indifferent,indifferent,indifferent,True,True,indifferent
1853,www.ebay.de,indifferent,indifferent,indifferent,True,True,indifferent
1854,www.biblegateway.com,True,indifferent,indifferent,True,True,indifferent
1856,www.asos.com,indifferent,indifferent,indifferent,True,True,indifferent
1857,scratch.mit.edu,True,indifferent,indifferent,True,True,indifferent
1858,pornfuck.net,unknown,True,True,True,True,indifferent
1859,www.fiverr.com,indifferent,indifferent,indifferent,True,True,indifferent
1861,www.naver.com,indifferent,indifferent,indifferent,True,True,indifferent
1862,www.t-online.de,True,indifferent,indifferent,True,True,indifferent
1863,publi24.ro,unknown,True,True,True,True,indifferent
1866,search.naver.com,indifferent,indifferent,indifferent,True,True,indifferent
1868,www.marca.com,True,indifferent,indifferent,True,True,indifferent
1871,destacamos.com,True,indifferent,True,True,True,indifferent
1876,www.mercadolibre.com.mx,True,indifferent,indifferent,True,True,indifferent
1879,www.nu.nl,indifferent,indifferent,indifferent,True,True,indifferent
1880,ss.com,True,indifferent,True,True,True,indifferent
1883,www.kleinanzeigen.de,indifferent,indifferent,indifferent,True,True,indifferent
1884,www.n-tv.de,True,indifferent,indifferent,True,True,indifferent
1887,today.line.me,indifferent,indifferent,indifferent,True,True,indifferent
1891,boatrace.jp,indifferent,indifferent,indifferent,True,True,indifferent
1892,wisc.edu,True,indifferent,True,True,True,indifferent
1893,www.detik.com,True,indifferent,indifferent,True,True,indifferent
1894,www.welt.de,indifferent,indifferent,indifferent,True,True,indifferent
1896,thscore.mobi,True,indifferent,True,True,True,indifferent
1897,diretta.it,True,indifferent,True,True,True,indifferent
1900,www.otto.de,True,indifferent,indifferent,True,True,indifferent
1901,www.amazon.com.br,True,indifferent,indifferent,True,True,indifferent
1905,www.remove.bg,indifferent,indifferent,indifferent,True,True,indifferent
1907,www.argos.co.uk,indifferent,indifferent,indifferent,True,True,indifferent
1908,list.am,unknown,True,True,True,True,indifferent
1909,amp.xhamster.com,True,indifferent,indifferent,True,True,indifferent
1912,www.eporner.com,True,indifferent,indifferent,True,True,indifferent
1916,www.wetter.com,True,indifferent,indifferent,True,True,indifferent
1918,homepage.mintnav.com,indifferent,indifferent,indifferent,True,True,indifferent
1922,m.naver.com,indifferent,indifferent,indifferent,True,True,indifferent
1924,www.aparat.com,True,indifferent,indifferent,True,True,indifferent
1925,m.bild.de,indifferent,indifferent,indifferent,True,True,indifferent
1929,365xxx.org,True,indifferent,True,True,True,indifferent
1931,www.youporn.com,True,indifferent,indifferent,True,True,indifferent
1933,www.discogs.com,indifferent,indifferent,indifferent,True,True,indifferent
1934,geny.com,True,indifferent,True,True,True,indifferent
1935,www.marktplaats.nl,True,indifferent,indifferent,True,True,indifferent
1938,escort.club,True,indifferent,True,True,True,indifferent
1939,hdhindisex.com,indifferent,indifferent,indifferent,True,True,indifferent
1941,animanch.com,indifferent,indifferent,indifferent,True,True,indifferent
1946,www.bilibili.tv,indifferent,indifferent,indifferent,True,True,indifferent
1949,oddspark.com,unknown,True,True,True,True,indifferent
1950,www.wildberries.ru,True,indifferent,indifferent,True,True,indifferent
1952,br.pinterest.com,indifferent,indifferent,indifferent,True,True,indifferent
1954,www.mobile.de,indifferent,indifferent,indifferent,True,True,indifferent
1956,www.trendyol.com,indifferent,indifferent,indifferent,True,True,indifferent
1958,www.lemonde.fr,True,indifferent,indifferent,True,True,indifferent
1961,www.seznam.cz,True,indifferent,indifferent,True,True,indifferent
1962,fulldesisex.com,indifferent,indifferent,indifferent,True,True,indifferent
1964,onlydesiporn.com,indifferent,indifferent,indifferent,True,True,indifferent
1966,www.flashscore.com,True,indifferent,indifferent,True,True,indifferent
1968,es.pornhub.com,True,indifferent,indifferent,True,True,indifferent
1969,www.semana.com,indifferent,indifferent,indifferent,True,True,indifferent
1970,forum.gamer.com.tw,True,indifferent,indifferent,True,True,indifferent
1974,www.mundodeportivo.com,indifferent,indifferent,indifferent,True,True,indifferent
1975,dto.jp,True,indifferent,True,True,True,indifferent
1976,www.uol.com.br,True,indifferent,indifferent,True,True,indifferent
1977,www.onet.pl,True,indifferent,indifferent,True,True,indifferent
1981,www.sozcu.com.tr,indifferent,indifferent,indifferent,True,True,indifferent
1983,www.eenadu.net,True,indifferent,indifferent,True,True,indifferent
1984,www.erome.com,True,indifferent,indifferent,True,True,indifferent
1986,www.redtube.com,True,indifferent,indifferent,True,True,indifferent
1987,www.interia.pl,True,indifferent,indifferent,True,True,indifferent
1988,www.merkur.de,True,indifferent,indifferent,True,True,indifferent
1989,www.hepsiburada.com,indifferent,indifferent,indifferent,True,True,indifferent
1994,m.search.naver.com,indifferent,indifferent,indifferent,True,True,indifferent
1995,wiadomosci.wp.pl,True,indifferent,indifferent,True,True,indifferent
1998,ge.xhamster.com,indifferent,indifferent,indifferent,True,True,indifferent
1999,homepage.vivo.com,indifferent,indifferent,indifferent,True,True,indifferent
2000,www.daum.net,indifferent,indifferent,indifferent,True,True,indifferent
2001,de.pornhub.com,True,indifferent,indifferent,True,True,indifferent
2002,www.youjizz.com,True,indifferent,indifferent,True,True,indifferent
2003,www.nexusmods.com,indifferent,indifferent,indifferent,True,True,indifferent
2007,www.unotv.com,indifferent,indifferent,indifferent,True,True,indifferent
2008,bdvenlinea.banvenez.com,indifferent,indifferent,indifferent,True,True,indifferent
2009,www.hurriyet.com.tr,indifferent,indifferent,indifferent,True,True,indifferent
2010,www.globo.com,True,indifferent,indifferent,True,True,indifferent
2011,direct.lc.chat,indifferent,indifferent,indifferent,True,True,indifferent
2015,www.elmundo.es,True,indifferent,indifferent,True,True,indifferent
2017,rt.pornhub.com,True,indifferent,indifferent,True,True,indifferent
2018,www.flipkart.com,True,indifferent,indifferent,True,True,indifferent
2019,www.mynet.com,indifferent,indifferent,indifferent,True,True,indifferent
2020,www.pravda.com.ua,True,indifferent,indifferent,True,True,indifferent
2021,www.lanacion.com.ar,indifferent,indifferent,indifferent,True,True,indifferent
2022,www.finn.no,indifferent,indifferent,indifferent,True,True,indifferent
2024,www.corriere.it,True,indifferent,indifferent,True,True,indifferent
2025,sportowefakty.wp.pl,True,indifferent,indifferent,True,True,indifferent
2026,www.news.com.au,unknown,True,indifferent,True,True,indifferent
2027,www.leboncoin.fr,True,indifferent,indifferent,True,True,indifferent
2030,www.vg.no,True,indifferent,indifferent,True,True,indifferent
2032,www.ebay.it,indifferent,indifferent,indifferent,True,True,indifferent
2033,www.francetvinfo.fr,indifferent,indifferent,indifferent,True,True,indifferent
2035,www.clarin.com,indifferent,indifferent,indifferent,True,True,indifferent
2036,www.turkiye.gov.tr,indifferent,indifferent,indifferent,True,True,indifferent
2037,www.ixxx.com,True,indifferent,indifferent,True,True,indifferent
2038,www.repubblica.it,True,indifferent,indifferent,True,True,indifferent
2040,www.abola.pt,True,indifferent,indifferent,True,True,indifferent
2041,www.gazzetta.it,True,indifferent,indifferent,True,True,indifferent
2042,cn.pornhub.com,True,indifferent,indifferent,True,True,indifferent
2043,fr.xhamster.com,True,indifferent,indifferent,True,True,indifferent
2044,www.omegle.com,indifferent,indifferent,indifferent,True,True,indifferent
2045,www.boyfriendtv.com,True,indifferent,indifferent,True,True,indifferent
2048,m.daum.net,True,indifferent,indifferent,True,True,indifferent
2049,staseraintv.com,True,indifferent,indifferent,True,True,indifferent
2053,www.index.hr,indifferent,indifferent,indifferent,True,True,indifferent
2055,m.lightinthebox.com,indifferent,indifferent,indifferent,True,True,indifferent
2057,m.cricbuzz.com,indifferent,indifferent,indifferent,True,True,indifferent
2058,www.haberler.com,indifferent,indifferent,indifferent,True,True,indifferent
2062,m.gsmarena.com,True,indifferent,indifferent,True,True,indifferent
2063,www.conectate.com.do,True,indifferent,indifferent,True,True,indifferent
2064,www.protothema.gr,True,indifferent,indifferent,True,True,indifferent
2068,www.digikala.com,True,indifferent,indifferent,True,True,indifferent
2070,www.gismeteo.ru,True,indifferent,True,True,True,indifferent
2072,www.pornpics.com,True,indifferent,indifferent,True,True,indifferent
2073,ita.xhamster.com,indifferent,indifferent,indifferent,True,True,indifferent
2076,netbanking.hdfcbank.com,indifferent,indifferent,indifferent,True,True,indifferent
2078,member.sss.gov.ph,indifferent,indifferent,indifferent,True,True,indifferent
2079,infinix.servicewebly.com,indifferent,indifferent,indifferent,True,True,indifferent
2080,www.emag.ro,True,indifferent,indifferent,True,True,indifferent
2081,es.xhamster.com,True,indifferent,indifferent,True,True,indifferent
2082,www.myntra.com,indifferent,indifferent,indifferent,True,True,indifferent
2083,www.varzesh3.com,True,indifferent,indifferent,True,True,indifferent
2086,isaidub3.co,indifferent,indifferent,indifferent,True,True,indifferent
2088,sexybluefilm.com,indifferent,indifferent,indifferent,True,True,indifferent
2090,www.bfmtv.com,True,indifferent,indifferent,True,True,indifferent
2091,www.bancodevenezuela.com,True,indifferent,indifferent,True,True,indifferent
2093,www.tondae.net,indifferent,indifferent,indifferent,True,True,indifferent
2094,www.kurir.rs,True,indifferent,indifferent,True,True,indifferent
2096,www.furaffinity.net,indifferent,indifferent,indifferent,True,True,indifferent
2097,nl.pornhub.com,True,indifferent,indifferent,True,True,indifferent
2098,fr.pornhub.com,True,indifferent,indifferent,True,True,indifferent
2100,www.nairaland.com,indifferent,indifferent,indifferent,True,True,indifferent
2101,www.ouest-france.fr,indifferent,indifferent,indifferent,True,True,indifferent
2103,www3.animeflv.net,True,indifferent,indifferent,True,True,indifferent
2104,www.mercadolivre.com.br,True,indifferent,indifferent,True,True,indifferent
2106,game.granbluefantasy.jp,indifferent,indifferent,indifferent,True,True,indifferent
2107,news.livedoor.com,True,indifferent,indifferent,True,True,indifferent
2110,tw.stock.yahoo.com,True,indifferent,indifferent,True,True,indifferent
2111,www.otomoto.pl,True,indifferent,indifferent,True,True,indifferent
2112,www.xvideos.es,True,indifferent,indifferent,True,True,indifferent
2114,www.sondakika.com,indifferent,indifferent,indifferent,True,True,indifferent
2117,www.idnes.cz,True,indifferent,indifferent,True,True,indifferent
2118,www.minhngoc.net.vn,True,indifferent,indifferent,True,True,indifferent
2121,www.pornhub.org,True,indifferent,indifferent,True,True,indifferent
2123,ge.globo.com,True,indifferent,indifferent,True,True,indifferent
2125,www.jutarnji.hr,indifferent,indifferent,indifferent,True,True,indifferent
2127,www.cdiscount.com,indifferent,indifferent,indifferent,True,True,indifferent
2128,www.makemytrip.com,indifferent,indifferent,indifferent,True,True,indifferent
2132,www.fuq.com,True,indifferent,indifferent,True,True,indifferent
2133,zeenews.india.com,indifferent,indifferent,indifferent,True,True,indifferent
2134,www.dagbladet.no,indifferent,indifferent,indifferent,True,True,indifferent
2137,www.20minutos.es,True,indifferent,indifferent,True,True,indifferent
2139,www.aajtak.in,indifferent,indifferent,indifferent,True,True,indifferent
2140,finance.naver.com,indifferent,indifferent,indifferent,True,True,indifferent
2143,coursera.org,True,indifferent,True,True,True,indifferent
2145,www.leroymerlin.fr,True,indifferent,indifferent,True,True,indifferent
2146,www.mercadolibre.com.ar,True,indifferent,indifferent,True,True,indifferent
2147,www.justdial.com,indifferent,indifferent,indifferent,True,True,indifferent
2148,m.fabswingers.com,True,indifferent,indifferent,True,True,indifferent
2150,www.terra.com.br,indifferent,indifferent,indifferent,True,True,indifferent
2151,www.amazon.eg,True,indifferent,indifferent,True,True,indifferent
2153,www.blic.rs,True,indifferent,indifferent,True,True,indifferent
2154,www.njuskalo.hr,True,indifferent,indifferent,True,True,indifferent
2156,www.khabaronline.ir,True,indifferent,indifferent,True,True,indifferent
2158,www.fpo.xxx,True,indifferent,indifferent,True,True,indifferent
2159,tjsp.jus.br,indifferent,indifferent,indifferent,True,True,indifferent
2165,www.ilmeteo.it,indifferent,indifferent,indifferent,True,True,indifferent
2167,www.expressen.se,indifferent,indifferent,indifferent,True,True,indifferent
2168,m.sabah.com.tr,True,indifferent,indifferent,True,True,indifferent
2169,www.topmanhua.com,indifferent,indifferent,indifferent,True,True,indifferent
2170,www.fmkorea.com,True,indifferent,indifferent,True,True,indifferent
2172,pt.pornhub.com,True,indifferent,indifferent,True,True,indifferent
2173,www.subito.it,indifferent,indifferent,indifferent,True,True,indifferent
2174,www.goojara.to,True,indifferent,indifferent,True,True,indifferent
2175,www.nesine.com,True,indifferent,indifferent,True,True,indifferent
2177,www.rbc.ua,indifferent,indifferent,indifferent,True,True,indifferent
2178,pl.pornhub.com,True,indifferent,indifferent,True,True,indifferent
2181,www.namasha.com,True,indifferent,indifferent,True,True,indifferent
2182,m.hqporner.com,indifferent,indifferent,indifferent,True,True,indifferent
2183,www.storysaver.net,True,indifferent,indifferent,True,True,indifferent
2186,www.imagefap.com,True,indifferent,indifferent,True,True,indifferent
2187,www.joyclub.de,True,indifferent,indifferent,True,True,indifferent
2188,ww1.goojara.to,True,indifferent,indifferent,True,True,indifferent
2189,www.hdtube.porn,True,indifferent,indifferent,True,True,indifferent
2192,www.iltalehti.fi,True,indifferent,indifferent,True,True,indifferent
2193,www.pussyspace.com,True,indifferent,indifferent,True,True,indifferent
2195,auto.ria.com,True,indifferent,indifferent,True,True,indifferent
2196,app2dn.fextok.com,True,indifferent,indifferent,True,True,indifferent
2198,www.rokna.net,True,indifferent,indifferent,True,True,indifferent
2199,www.porn300.com,True,indifferent,indifferent,True,True,indifferent
2200,www.bartarinha.ir,True,indifferent,indifferent,True,True,indifferent
2201,www.publi24.ro,indifferent,indifferent,indifferent,True,True,indifferent
2203,tecno.servicewebly.com,indifferent,indifferent,indifferent,True,True,indifferent
2204,www.tjk.org,indifferent,indifferent,indifferent,True,True,indifferent
2205,m.fabguys.com,True,indifferent,indifferent,True,True,indifferent
2206,www.xnxx.press,True,indifferent,indifferent,True,True,indifferent
2209,www.bestsexporno.com,True,indifferent,indifferent,True,True,indifferent
2210,m.cafe.daum.net,True,indifferent,indifferent,True,True,indifferent
2211,www.elcorteingles.es,indifferent,indifferent,indifferent,True,True,indifferent
2212,www.sexindrag.com,True,indifferent,indifferent,True,True,indifferent
2213,www.1mg.com,True,indifferent,indifferent,True,True,indifferent
2215,erotik.markt.de,True,indifferent,indifferent,True,True,indifferent
2219,www.thenetnaija.net,True,indifferent,indifferent,True,True,indifferent
2221,www.prokerala.com,indifferent,indifferent,indifferent,True,True,indifferent
2222,m.kooora.com,indifferent,indifferent,indifferent,True,True,indifferent
2223,cz.pornhub.com,True,indifferent,indifferent,True,True,indifferent
2225,www.coinpayu.com,True,indifferent,indifferent,True,True,indifferent
2226,www.bikewale.com,True,indifferent,indifferent,True,True,indifferent
2227,www.bt.dk,indifferent,indifferent,indifferent,True,True,indifferent
2228,www.apornvideo.com,indifferent,indifferent,indifferent,True,True,indifferent
2230,www.1377x.to,True,indifferent,indifferent,True,True,indifferent
2232,m.indiamart.com,indifferent,indifferent,indifferent,True,True,indifferent
2233,www.ninisite.com,True,indifferent,indifferent,True,True,indifferent
2235,www.3bmeteo.com,indifferent,indifferent,indifferent,True,True,indifferent
2238,www.amarujala.com,True,indifferent,indifferent,True,True,indifferent
2239,www.thscore.mobi,True,indifferent,indifferent,True,True,indifferent
2241,www.serviporno.com,indifferent,indifferent,indifferent,True,True,indifferent
2242,www.wapoz.info,True,indifferent,indifferent,True,True,indifferent
2245,m.dcinside.com,indifferent,indifferent,indifferent,True,True,indifferent
2246,www.clip2vip.com,indifferent,indifferent,indifferent,True,True,indifferent
2247,www.arbada.com,True,indifferent,indifferent,True,True,indifferent
2249,www.wnacg.com,indifferent,indifferent,indifferent,True,True,indifferent
2252,ua.sinoptik.ua,indifferent,indifferent,indifferent,True,True,indifferent
2253,www.milanuncios.com,True,indifferent,indifferent,True,True,indifferent
2257,it.pornhub.com,True,indifferent,indifferent,True,True,indifferent
2258,mbigpara.hurriyet.com.tr,indifferent,indifferent,indifferent,True,True,indifferent
2260,m.ladies.de,indifferent,indifferent,indifferent,True,True,indifferent
2261,www.nikkansports.com,True,indifferent,indifferent,True,True,indifferent
2262,www.olx.com.br,True,indifferent,indifferent,True,True,indifferent
2263,m.haber7.com,True,indifferent,indifferent,True,True,indifferent
2264,www.jalan.net,indifferent,indifferent,indifferent,True,True,indifferent
2265,m.autoplius.lt,indifferent,indifferent,indifferent,True,True,indifferent
2266,www.ruperttube.net,True,indifferent,indifferent,True,True,indifferent
2267,www.ajio.com,indifferent,indifferent,indifferent,True,True,indifferent
2273,www.qorno.com,True,indifferent,indifferent,True,True,indifferent
2275,www.inven.co.kr,indifferent,indifferent,indifferent,True,True,indifferent
2276,www.nicovideo.jp,True,indifferent,indifferent,True,True,indifferent
2278,www.leroymerlin.es,True,indifferent,indifferent,True,True,indifferent
2279,www.dogdrip.net,indifferent,indifferent,indifferent,True,True,indifferent
2280,www.365xxx.org,True,indifferent,indifferent,True,True,indifferent
2282,www.fanpage.it,indifferent,indifferent,indifferent,True,True,indifferent
2283,www.livehindustan.com,indifferent,indifferent,indifferent,True,True,indifferent
2284,jp.pornhub.com,True,indifferent,indifferent,True,True,indifferent
2285,www.abplive.com,indifferent,indifferent,indifferent,True,True,indifferent
2286,m.skelbiu.lt,indifferent,indifferent,indifferent,True,True,indifferent
2289,www.netshoes.com.br,True,indifferent,indifferent,True,True,indifferent
2291,www.xxxhdvideo.mobi,indifferent,indifferent,indifferent,True,True,indifferent
2292,www.indiansexmms.me,True,indifferent,indifferent,True,True,indifferent
2293,www.oricon.co.jp,True,indifferent,indifferent,True,True,indifferent
2294,newsdig.tbs.co.jp,True,indifferent,indifferent,True,True,indifferent
2296,bbs.ruliweb.com,True,indifferent,indifferent,True,True,indifferent
2297,www.diretta.it,True,indifferent,indifferent,True,True,indifferent
2299,sp.pf.mbga.jp,True,indifferent,indifferent,True,True,indifferent
2300,m.magazineluiza.com.br,True,indifferent,indifferent,True,True,indifferent
2301,www.cmoa.jp,indifferent,indifferent,indifferent,True,True,indifferent
2302,www.sexvid.pro,True,indifferent,indifferent,True,True,indifferent
2305,m.tabor.ru,indifferent,indifferent,indifferent,True,True,indifferent
2309,v1.slashlib.me,indifferent,indifferent,indifferent,True,True,indifferent
2311,nlab.itmedia.co.jp,indifferent,indifferent,indifferent,True,True,indifferent
2312,www.pornfuck.net,indifferent,indifferent,indifferent,True,True,indifferent
2313,www.promiedos.com.ar,indifferent,indifferent,indifferent,True,True,indifferent
2315,beauty.hotpepper.jp,indifferent,indifferent,indifferent,True,True,indifferent
2317,www.sarkariresult.com,indifferent,indifferent,indifferent,True,True,indifferent
2321,m.ss.com,indifferent,indifferent,indifferent,True,True,indifferent
2322,www.carsensor.net,True,indifferent,indifferent,True,True,indifferent
2323,www.otvfoco.com.br,True,indifferent,indifferent,True,True,indifferent
2324,sp.oddspark.com,indifferent,indifferent,indifferent,True,True,indifferent
2325,bbs.animanch.com,indifferent,indifferent,indifferent,True,True,indifferent
2327,select.mamastar.jp,indifferent,indifferent,indifferent,True,True,indifferent
2329,www.coco.gg,indifferent,indifferent,indifferent,True,True,indifferent
2330,news.infoseek.co.jp,True,indifferent,unknown,True,False,relative
2331,www.list.am,indifferent,indifferent,indifferent,True,True,indifferent
2332,pl.escort.club,True,indifferent,indifferent,True,True,indifferent
2333,m.beboo.ru,indifferent,indifferent,indifferent,True,True,indifferent
2335,www.shaalaa.com,True,indifferent,indifferent,True,True,indifferent
2336,movie.eroterest.net,indifferent,indifferent,indifferent,True,True,indifferent
2337,xvideosporno.blog.br,True,indifferent,indifferent,True,True,indifferent
2338,member.rakuten-sec.co.jp,indifferent,indifferent,indifferent,True,True,indifferent
2339,www.hdhindisex.com,indifferent,indifferent,indifferent,True,True,indifferent
2342,www.wannonce.com,indifferent,indifferent,indifferent,True,True,indifferent
2344,www.fulldesisex.com,indifferent,indifferent,indifferent,True,True,indifferent
2345,br.skokka.com,indifferent,indifferent,indifferent,True,True,indifferent
2348,dmarket.docomo.ne.jp,indifferent,indifferent,indifferent,True,True,indifferent
2351,hiroba.dpoint.docomo.ne.jp,True,indifferent,indifferent,True,True,indifferent
2353,m.hollywoodbets.net,indifferent,indifferent,indifferent,True,True,indifferent
2354,m.inven.co.kr,True,indifferent,indifferent,True,True,indifferent
2355,m.rst.ua,indifferent,indifferent,indifferent,True,True,indifferent
2356,m.ruliweb.com,True,indifferent,indifferent,True,True,indifferent
2359,noutore.enjoy.point.auone.jp,indifferent,indifferent,indifferent,True,True,indifferent
2364,race.sp.netkeiba.com,indifferent,indifferent,indifferent,True,True,indifferent
2366,s.dto.jp,True,indifferent,indifferent,True,True,indifferent
2368,sp.jra.jp,indifferent,indifferent,indifferent,True,True,indifferent
2370,topics.smt.docomo.ne.jp,True,indifferent,indifferent,True,True,indifferent
2372,video.hnext.jp,True,indifferent,indifferent,True,True,indifferent
2373,web.centraldasapostas.net,True,indifferent,indifferent,True,True,indifferent
2374,www.annunci69.it,indifferent,indifferent,indifferent,True,True,indifferent
2375,www.boatrace.jp,indifferent,indifferent,indifferent,True,True,indifferent
2376,www.destacamos.com,True,indifferent,indifferent,True,True,indifferent
2377,www.flashscore.com.br,True,indifferent,indifferent,True,True,indifferent
2378,www.geny.com,True,indifferent,indifferent,True,True,indifferent
2379,www.in3x.net,indifferent,indifferent,indifferent,True,True,indifferent
2380,www.jra.go.jp,indifferent,indifferent,indifferent,True,True,indifferent
2382,www.onlydesiporn.com,indifferent,indifferent,indifferent,True,True,indifferent
2383,www.pornhat.one,indifferent,indifferent,indifferent,True,True,indifferent
2384,www.sexybluefilm.com,indifferent,indifferent,indifferent,True,True,indifferent
2385,www.staseraintv.com,indifferent,indifferent,indifferent,True,True,indifferent
2387,www.winzogames.com,True,indifferent,indifferent,True,True,indifferent
2395,pluto.tv,indifferent,indifferent,indifferent,True,True,indifferent
2402,politico.com,True,indifferent,True,True,True,indifferent
2403,inc.com,True,indifferent,True,True,True,indifferent
2409,python.org,True,indifferent,True,True,True,indifferent
2412,dev.mysql.com,indifferent,indifferent,indifferent,True,True,indifferent
2413,spiegel.de,True,indifferent,True,True,True,indifferent
2415,expedia.com,unknown,True,True,True,True,indifferent
2416,bbb.org,True,indifferent,True,True,True,indifferent
2421,engadget.com,True,indifferent,True,True,True,indifferent
2423,cdn.shopify.com,True,indifferent,indifferent,True,True,indifferent
2427,notion.so,unknown,True,True,True,True,indifferent
2429,lefigaro.fr,unknown,True,True,True,True,indifferent
2432,ansa.it,True,indifferent,True,True,True,indifferent
2433,elegantthemes.com,unknown,True,True,True,True,indifferent
2434,ftc.gov,unknown,True,True,True,True,indifferent
2438,adrta.com,indifferent,indifferent,indifferent,True,True,indifferent
2441,wiktionary.org,True,indifferent,True,True,True,indifferent
2447,att.com,unknown,True,True,True,True,indifferent
2448,duolingo.com,True,indifferent,True,True,True,indifferent
2451,rfc-editor.org,unknown,True,True,True,True,indifferent
2452,identrust.com,unknown,True,True,True,True,indifferent
2453,sentinelone.net,True,indifferent,indifferent,True,True,indifferent
2454,sfgate.com,True,indifferent,True,True,True,indifferent
2458,ucla.edu,True,indifferent,True,True,True,indifferent
2464,fpc.msedge.net,True,indifferent,indifferent,True,True,indifferent
2467,entrepreneur.com,True,indifferent,True,True,True,indifferent
2469,pinterest.ca,unknown,True,True,True,True,indifferent
2474,360.cn,True,indifferent,True,True,True,indifferent
2475,timeanddate.com,True,indifferent,True,True,True,indifferent
2480,jhu.edu,unknown,True,True,True,True,indifferent
2481,dictionary.com,True,indifferent,True,True,True,indifferent
2482,webs.com,unknown,True,True,True,True,indifferent
2484,pch.com,unknown,True,True,True,True,indifferent
2487,tradingview.com,True,indifferent,True,True,True,indifferent
2494,acs.org,unknown,True,True,True,True,indifferent
2497,photobucket.com,indifferent,indifferent,indifferent,True,True,indifferent
